#{"t_start": 1779827191.654956, "env_id": "None"}
r,l,t
-5320.4976,500,8.015508
-8090.9043,500,8.016508
-5103.2705,500,8.016508
-5808.3555,500,11.280248
-4711.708,500,11.280248
-5300.869,500,11.281248
-3089.723,500,14.467235
-6343.6636,500,14.467235
-4279.124,500,14.468233
-4923.0933,500,17.795662
-4546.149,500,17.795662
-3753.3406,500,17.795662
-3293.6006,500,21.225398
-2363.689,500,21.225398
-2883.4824,500,21.225398
-2389.7676,500,24.337994
-4904.0376,500,24.337994
-5038.049,500,24.337994
-2744.1768,500,27.626974
-3728.1199,500,27.626974
-4759.9653,500,27.626974
-2073.299,500,29.34509
-1908.5486,500,29.34509
-1590.1749,500,29.34509
-4470.2686,500,35.153938
-3148.891,500,35.153938
-5038.2944,500,35.153938
-3061.7222,500,38.417261
-4957.8066,500,38.417261
-6286.565,500,38.417261
-2173.022,500,41.52957
-1434.6476,500,41.52957
-4640.999,500,41.52957
-4954.162,500,46.424036
-5805.394,500,46.424036
-7269.7827,500,46.424036
-2179.7112,500,50.712282
-3654.0933,500,50.713281
-3570.0618,500,50.713281
-2827.823,500,55.180869
-2926.4846,500,55.180869
-5318.858,500,55.180869
-6844.674,500,61.873784
-5818.8784,500,61.873784
-7638.672,500,61.873784
-2740.024,500,64.96959
-5494.098,500,64.96959
-3502.3384,500,64.96959
-1465.5419,500,66.922539
-2297.472,500,66.922539
-2356.2546,500,66.922539
-2257.9578,500,69.807104
-4257.441,500,69.807104
-3813.2512,500,69.807104
-2363.963,500,71.442337
-1008.3157,500,71.442337
-3452.963,500,71.442337
-2253.9355,500,74.632431
-1408.5557,500,74.632431
-2417.4175,500,74.632431
-2164.5056,500,77.934049
-2439.0564,500,77.934049
-3312.4553,500,77.934049
-4012.672,500,83.598474
-4890.792,500,83.598474
-4264.257,500,83.598474
-2071.7234,500,86.657302
-2148.9534,500,86.657302
-3995.982,500,86.657302
-2904.449,500,88.148609
-2194.2905,500,88.148609
-1315.7609,500,88.148609
-2221.2463,500,91.493146
-4752.8867,500,91.493146
-3897.7463,500,91.493146
-4807.332,500,98.171058
-3428.653,500,98.171058
-6628.3223,500,98.171058
-3153.3186,500,103.724967
-5913.966,500,103.724967
-5598.8086,500,103.724967
-2468.3672,500,107.750967
-7722.3223,500,107.750967
-3590.3096,500,107.750967
-2302.6477,500,110.014374
-3359.4731,500,110.014374
-2577.4897,500,110.014374
-6406.9277,500,116.903803
-5783.2017,500,116.903803
-8938.657,500,116.903803
-3165.3691,500,123.091404
-6479.2764,500,123.091404
-5242.2197,500,123.091404
-5537.0728,500,126.940844
-2322.0276,500,126.940844
-2557.4058,500,126.940844
-4291.9985,500,132.909322
-2969.5518,500,132.909322
-5058.4917,500,132.909322
-1360.2244,500,134.448858
-1962.3585,500,134.449858
-1770.6189,500,134.449858
-3424.1582,500,138.59989
-2434.081,500,138.59989
-6028.4155,500,138.59989
-4974.215,500,142.454787
-3559.6477,500,142.454787
-4380.036,500,142.454787
-2575.6416,500,146.43258
-2798.1792,500,146.43258
-3433.403,500,146.43258
-1041.8864,500,148.115325
-1212.9629,500,148.115325
-5037.61,500,148.115325
-1710.997,500,151.239066
-2597.759,500,151.239066
-3127.7256,500,151.239066
-2640.2896,500,154.158905
-1972.0872,500,154.158905
-1933.9302,500,154.158905
-2871.1338,500,158.236685
-2384.91,500,158.236685
-3160.1597,500,158.236685
-2034.1344,500,161.2893
-3025.09,500,161.2893
-2451.8184,500,161.2893
-2942.8516,500,165.47244
-2497.3,500,165.47244
-3948.325,500,165.47244
-2480.7554,500,167.905054
-1514.7789,500,167.906054
-2170.6125,500,167.906054
-2337.0142,500,171.628585
-3028.6714,500,171.628585
-2554.1985,500,171.628585
-1587.6797,500,173.415089
-3071.2021,500,173.415089
-1239.6796,500,173.415089
-2825.6953,500,178.997102
-3026.1738,500,178.997102
-3900.9976,500,178.997102
-2319.5918,500,183.037753
-2440.7732,500,183.037753
-3506.1108,500,183.037753
-2358.332,500,187.123495
-2149.171,500,187.123495
-6030.6025,500,187.123495
-2024.7168,500,190.146424
-2956.398,500,190.146424
-3085.496,500,190.146424
-2692.6025,500,192.991944
-2850.8572,500,192.992942
-1985.7095,500,192.992942
-3456.541,500,198.287718
-2782.317,500,198.287718
-3839.5923,500,198.287718
-2808.079,500,202.184963
-2156.232,500,202.184963
-4433.365,500,202.184963
-3451.3706,500,208.915191
-4483.134,500,208.915191
-5260.779,500,208.915191
-3932.6697,500,214.623882
-3926.6123,500,214.623882
-7023.768,500,214.623882
-3649.8508,500,220.584061
-2950.625,500,220.584061
-5225.006,500,220.584061
-4031.3423,500,226.05973
-4174.2397,500,226.05973
-5270.372,500,226.05973
-1588.7701,500,227.855795
-3417.0222,500,227.855795
-3239.5017,500,227.855795
-1797.8387,500,230.042487
-1398.0643,500,230.042487
-2955.6687,500,230.042487
-2919.2954,500,235.866572
-2799.752,500,235.866572
-6758.42,500,235.866572
-3195.897,500,240.124896
-3901.993,500,240.124896
-3200.9924,500,240.124896
-2714.478,500,244.102767
-5920.7266,500,244.102767
-4018.119,500,244.102767
-2780.214,500,248.075487
-2377.3674,500,248.075487
-3701.8918,500,248.075487
-4212.2256,500,250.993166
-1902.329,500,250.993166
-3344.4229,500,250.993166
-1317.0505,500,252.630039
-1365.6627,500,252.630039
-1085.5951,500,252.630039
-2282.7493,500,256.072546
-5251.438,500,256.072546
-5071.5186,500,256.072546
-4042.8582,500,261.912959
-3585.427,500,261.912959
-5449.127,500,261.912959
-2546.1655,500,265.593941
-2585.5686,500,265.593941
-2776.4663,500,265.593941
-2447.5852,500,268.469683
-2320.3367,500,268.469683
-4538.608,500,268.469683
-3257.7278,500,271.726313
-3309.6675,500,271.726313
-4100.482,500,271.726313
-2598.2812,500,274.626765
-3018.7332,500,274.626765
-3288.3171,500,274.626765
-4148.4517,500,278.732965
-2458.5828,500,278.732965
-6746.9033,500,278.732965
-2992.9602,500,282.840718
-2396.8635,500,282.840718
-3517.4917,500,282.840718
-2791.1184,500,287.137533
-3812.527,500,287.137533
-3605.9116,500,287.137533
-1544.0598,500,288.740824
-1470.161,500,288.740824
-1160.767,500,288.740824
-1983.9402,500,292.719338
-1931.9149,500,292.719338
-3078.343,500,292.719338
-2521.5542,500,295.716641
-2050.7576,500,295.716641
-2299.9749,500,295.716641
-2006.276,500,299.109465
-3450.3708,500,299.109465
-3091.623,500,299.109465
-3165.579,500,302.776755
-2274.397,500,302.776755
-2857.8296,500,302.776755
-4096.6885,500,308.467411
-3346.6592,500,308.467411
-5151.8447,500,308.467411
-3049.2478,500,311.439357
-1677.022,500,311.439357
-3193.2476,500,311.439357
-1669.0317,500,314.574071
-2563.9722,500,314.574071
-2761.472,500,314.574071
-1955.544,500,317.762045
-2087.0117,500,317.762045
-2847.4458,500,317.762045
-3113.1016,500,325.004787
-3712.6099,500,325.004787
-4044.204,500,325.004787
-1727.9987,500,328.120002
-1582.7189,500,328.120002
-2314.69,500,328.120002
-2823.2683,500,331.928639
-5656.128,500,331.928639
-5280.6396,500,331.928639
-2016.5848,500,335.159805
-3579.7961,500,335.159805
-4412.18,500,335.159805
-3105.712,500,338.186928
-2812.3857,500,338.186928
-4325.211,500,338.186928
-1981.2925,500,341.040247
-1952.8185,500,341.040247
-2928.7627,500,341.040247
-4096.2715,500,346.880373
-3138.713,500,346.880373
-4463.432,500,346.881373
-3422.0369,500,352.057487
-2983.3726,500,352.057487
-5439.96,500,352.057487
-1332.5266,500,353.69941
-1732.5686,500,353.69941
-1849.4176,500,353.69941
-3081.3933,500,358.342881
-3406.5933,500,358.342881
-4985.9185,500,358.342881
-1643.1616,500,359.976222
-1645.0729,500,359.976222
-3374.385,500,359.976222
-1882.4291,500,363.17693
-2893.8145,500,363.17693
-4996.641,500,363.17693
-2192.9153,500,366.126756
-3348.4033,500,366.126756
-3434.0396,500,366.126756
-4723.4385,500,371.782301
-4057.313,500,371.782301
-3912.8682,500,371.782301
-1983.2067,500,374.676986
-1761.097,500,374.676986
-2226.2273,500,374.676986
-3256.1658,500,380.707201
-3115.2144,500,380.707201
-5856.89,500,380.707201
-3236.7195,500,384.462994
-2915.162,500,384.462994
-3915.4644,500,384.462994
-1917.9932,500,386.944263
-3219.9224,500,386.944263
-2781.985,500,386.944263
-2207.9775,500,389.748932
-2780.2324,500,389.749931
-2384.1572,500,389.749931
-2452.2473,500,393.783891
-6207.8027,500,393.784893
-3470.574,500,393.784893
-3857.2954,500,395.33131
-2427.3926,500,395.33131
-2765.204,500,395.33131
-1606.3866,500,396.977155
-1232.6377,500,396.977155
-2201.4207,500,396.977155
-2075.9265,500,399.90702
-2670.137,500,399.90702
-3346.054,500,399.90702
-3633.494,500,406.437166
-5950.4214,500,406.437166
-4129.6333,500,406.437166
-2949.7283,500,410.453828
-2717.0566,500,410.453828
-2997.5664,500,410.453828
-2417.5513,500,415.628551
-5038.933,500,415.628551
-3854.9084,500,415.628551
-1649.2908,500,417.940284
-3690.6934,500,417.940284
-3789.2742,500,417.940284
-2163.4995,500,421.171637
-2459.0618,500,421.171637
-2993.236,500,421.171637
-2124.3982,500,425.130516
-2975.7112,500,425.130516
-3249.8875,500,425.130516
-3058.8848,500,429.37385
-2353.2751,500,429.37385
-3676.8706,500,429.37385
-2057.5334,500,433.108766
-2154.1477,500,433.108766
-2821.18,500,433.108766
-4032.2634,500,434.976321
-841.3129,500,434.976321
-1663.6456,500,434.976321
-2699.5576,500,440.742672
-3734.4438,500,440.742672
-3871.0671,500,440.742672
-2827.465,500,446.148903
-2702.606,500,446.148903
-4602.3027,500,446.148903
-1138.9929,500,448.05225
-3432.9536,500,448.053248
-2095.5688,500,448.053248
-3471.4995,500,454.670589
-3159.3704,500,454.670589
-4925.156,500,454.670589
-1841.7494,500,456.113809
-4510.8853,500,456.113809
-1528.808,500,456.113809
-1754.4579,500,458.215121
-1464.8855,500,458.215121
-3521.442,500,458.215121
-715.945,500,459.68211
-735.22363,500,459.68211
-1561.8557,500,459.68211
-2940.424,500,463.668233
-3748.5198,500,463.668233
-2487.815,500,463.668233
-2890.4475,500,468.596759
-2775.364,500,468.596759
-4847.253,500,468.596759
-2490.2427,500,471.430105
-3929.9458,500,471.430105
-2182.1885,500,471.430105
-2050.9702,500,474.617836
-3905.5095,500,474.617836
-3476.841,500,474.617836
-2434.707,500,477.683431
-1428.8417,500,477.683431
-2703.4768,500,477.683431
-2331.3372,500,480.498544
-3059.9878,500,480.498544
-3654.282,500,480.499548
-3302.1353,500,485.982112
-2769.786,500,485.982112
-5397.307,500,485.982112
-4179.0547,500,491.703963
-3048.4714,500,491.703963
-5487.3066,500,491.703963
-2911.5767,500,497.480991
-3242.91,500,497.480991
-4841.632,500,497.480991
-4060.8052,500,501.473316
-3095.8713,500,501.473316
-3935.8276,500,501.473316
-2649.6768,500,504.166651
-2201.7832,500,504.166651
-3797.7454,500,504.166651
-2905.4019,500,509.726403
-3090.4023,500,509.726403
-4838.8804,500,509.726403
-2297.0554,500,513.138891
-2625.6052,500,513.138891
-4116.475,500,513.138891
-852.1117,500,514.807894
-1124.5636,500,514.807894
-3559.0747,500,514.807894
-929.4924,500,516.290414
-3373.7688,500,516.290414
-3588.5977,500,516.290414
-1844.8768,500,518.208223
-3864.9468,500,518.208223
-2019.6041,500,518.208223
-2926.4624,500,521.930865
-2791.8923,500,521.930865
-2963.8633,500,521.930865
-1325.8365,500,523.671687
-2437.7893,500,523.671687
-1433.8643,500,523.671687
-2498.4546,500,526.346617
-1884.6526,500,526.346617
-2987.3696,500,526.346617
-2303.5986,500,528.683217
-3742.1682,500,528.683217
-3036.7356,500,528.683217
-2461.466,500,533.973552
-3231.4915,500,533.973552
-4128.3623,500,533.973552
-3141.0498,500,540.557754
-5796.6064,500,540.557754
-5317.9814,500,540.557754
-3235.4492,500,544.358636
-1718.4071,500,544.358636
-2585.65,500,544.358636
-1430.6638,500,547.18599
-3106.0896,500,547.18599
-2525.845,500,547.18599
-1731.2388,500,548.744301
-1331.5881,500,548.744301
-1200.969,500,548.744301
-2044.95,500,551.643154
-1286.5782,500,551.643154
-4152.081,500,551.643154
-1487.1539,500,554.467286
-2952.6833,500,554.467286
-3071.5217,500,554.467286
-1721.5011,500,555.98204
-1279.8894,500,555.98204
-3467.3071,500,555.98204
-1175.0151,500,557.46651
-820.561,500,557.46651
-1800.365,500,557.46651
-2254.9666,500,563.358593
-2369.824,500,563.358593
-3726.8027,500,563.358593
-2777.8296,500,569.702204
-2917.4663,500,569.702204
-4777.0435,500,569.702204
-3311.2751,500,571.227897
-1564.6836,500,571.227897
-2918.673,500,571.227897
-2608.4468,500,577.105886
-2272.036,500,577.105886
-3750.1423,500,577.105886
-1640.4329,500,580.302201
-1367.3716,500,580.302201
-2808.9246,500,580.302201
-1323.6852,500,581.855047
-2385.7039,500,581.855047
-3462.7373,500,581.855047
-2307.2463,500,585.649677
-3375.4868,500,585.649677
-2502.374,500,585.649677
-1592.1473,500,587.23365
-1152.4503,500,587.23365
-1343.9277,500,587.23365
-606.68774,500,588.934248
-823.5952,500,588.934248
-1878.7689,500,588.934248
-3286.7563,500,592.478079
-2628.5322,500,592.478079
-4334.5723,500,592.478079
-1561.1499,500,593.935112
-1898.6443,500,593.935112
-1490.3525,500,593.935112
-2601.3118,500,599.689777
-4124.4478,500,599.689777
-3516.0671,500,599.689777
-2343.9856,500,604.685482
-2621.0496,500,604.685482
-3030.2998,500,604.685482
-2642.6846,500,608.565006
-3284.1018,500,608.565006
-2199.5134,500,608.566006
-1166.3779,500,609.956094
-1109.3198,500,609.956094
-1921.2068,500,609.956094
-1414.5441,500,611.383612
-4372.8545,500,611.383612
-2281.727,500,611.383612
-1230.4171,500,614.274322
-1356.7197,500,614.274322
-1845.7573,500,614.274322
-2600.5088,500,619.723222
-4224.6694,500,619.723222
-3026.7024,500,619.723222
-1600.0397,500,622.427599
-2204.8093,500,622.427599
-3424.1714,500,622.427599
-2339.565,500,626.19988
-2581.0603,500,626.19988
-4749.732,500,626.19988
-2481.232,500,629.858493
-2608.8916,500,629.858493
-4092.377,500,629.858493
-1933.5297,500,633.766799
-2803.2935,500,633.767798
-3148.886,500,633.767798
-1788.9175,500,636.460207
-2702.4402,500,636.460207
-3486.896,500,636.460207
-4037.302,500,639.49607
-4629.9966,500,639.49607
-4011.7893,500,639.49607
-1924.392,500,643.000547
-4339.1323,500,643.000547
-3358.175,500,643.000547
-2137.97,500,646.045766
-2302.6091,500,646.045766
-3305.6592,500,646.045766
-3217.44,500,648.932434
-2896.3198,500,648.932434
-3290.3945,500,648.932434
-2527.8333,500,652.665124
-3049.4426,500,652.665124
-2860.8071,500,652.665124
-2363.9927,500,657.374523
-2838.2068,500,657.374523
-5001.623,500,657.374523
-1170.0416,500,658.931732
-2288.72,500,658.931732
-916.2275,500,658.931732
-2487.376,500,662.617619
-2121.4592,500,662.617619
-3697.4346,500,662.617619
-1472.3491,500,665.289589
-3988.1812,500,665.289589
-1580.0237,500,665.289589
-2786.0076,500,671.255332
-3329.2656,500,671.255332
-4137.4307,500,671.255332
-2367.0896,500,672.930001
-1236.6082,500,672.930001
-1346.1724,500,672.930001
-1526.8395,500,675.672771
-2017.6362,500,675.672771
-2480.8062,500,675.672771
-1002.5929,500,677.369138
-1166.3147,500,677.369138
-2047.1392,500,677.369138
-2951.5435,500,681.192595
-4489.8213,500,681.192595
-4627.1426,500,681.192595
-3619.2214,500,686.944541
-4152.125,500,686.944541
-4646.137,500,686.944541
-2183.2153,500,690.458765
-2733.4167,500,690.458765
-2661.535,500,690.458765
-1887.4338,500,693.972468
-3521.1355,500,693.972468
-4544.429,500,693.972468
-2300.9636,500,695.298858
-2124.0723,500,695.298858
-1185.3251,500,695.298858
-3726.9456,500,701.039589
-2158.21,500,701.039589
-3526.54,500,701.039589
-2366.2354,500,702.468906
-1012.99426,500,702.468906
-2254.1372,500,702.468906
-1486.9622,500,703.869462
-1056.7849,500,703.869462
-1778.2429,500,703.869462
-1860.9625,500,706.506352
-1053.7825,500,706.506352
-1886.2548,500,706.506352
-1695.2568,500,709.380657
-1621.371,500,709.380657
-2348.8572,500,709.380657
-2637.221,500,712.061498
-1961.8362,500,712.061498
-3500.6694,500,712.061498
-1117.4147,500,713.347758
-1853.2323,500,713.347758
-1754.9163,500,713.347758
-2309.6726,500,717.813001
-4624.7046,500,717.813001
-2968.8796,500,717.813001
-1187.0989,500,719.508317
-2821.0923,500,719.508317
-1783.9791,500,719.508317
-1018.11957,500,720.909184
-962.7161,500,720.909184
-1020.8612,500,720.909184
-3117.892,500,727.209407
-2991.633,500,727.209407
-5041.4727,500,727.209407
-2657.3958,500,733.354809
-2848.5696,500,733.354809
-4043.658,500,733.354809
-1997.4385,500,736.305847
-2764.8733,500,736.305847
-3494.5085,500,736.305847
-1600.0198,500,739.071234
-2947.772,500,739.071234
-3365.5085,500,739.071234
-2459.1882,500,742.679069
-2868.6711,500,742.679069
-2732.3362,500,742.679069
-3199.0833,500,746.182001
-1659.3451,500,746.182001
-2867.984,500,746.182001
-1233.8689,500,747.840436
-1610.1879,500,747.840436
-1587.9486,500,747.840436
-1890.6421,500,750.609989
-1374.9175,500,750.609989
-2887.2415,500,750.609989
-2073.4033,500,753.341421
-1788.3696,500,753.341421
-2221.933,500,753.341421
-2915.3083,500,756.893484
-1931.5948,500,756.893484
-3448.5981,500,756.893484
-2718.5085,500,762.857045
-2727.92,500,762.858045
-3481.374,500,762.858045
-1233.679,500,764.184239
-588.8587,500,764.184239
-1560.8954,500,764.184239
-1765.3735,500,766.985884
-2045.6411,500,766.985884
-1737.6483,500,766.985884
-1946.4895,500,769.644075
-2874.0051,500,769.644075
-3317.8354,500,769.644075
-1139.9143,500,770.951938
-1066.2167,500,770.951938
-2508.654,500,770.951938
-3174.8442,500,776.055218
-2145.8027,500,776.055218
-1733.7253,500,776.055218
-1736.7618,500,780.006795
-1623.7849,500,780.007795
-2978.0537,500,780.007795
-2266.5767,500,783.410701
-2057.7961,500,783.410701
-2665.4775,500,783.410701
-2533.2815,500,787.395103
-2690.1182,500,787.395103
-4911.704,500,787.395103
-3817.047,500,791.210432
-2583.8064,500,791.210432
-3993.898,500,791.210432
-5004.2715,500,797.421714
-3309.017,500,797.421714
-4574.5303,500,797.421714
-2132.987,500,800.63843
-1295.4053,500,800.63843
-2184.3308,500,800.63843
-2536.317,500,803.582355
-1198.6239,500,803.582355
-1599.0544,500,803.582355
-3134.3054,500,810.219085
-3122.798,500,810.219085
-5645.3823,500,810.219085
-1654.9199,500,813.818962
-3206.1575,500,813.818962
-5332.2954,500,813.818962
-1291.1372,500,815.161475
-605.9827,500,815.161475
-1557.9509,500,815.161475
-3218.508,500,820.409839
-3185.4504,500,820.410838
-3987.541,500,820.410838
-1589.2596,500,823.374046
-1511.8341,500,823.374046
-2374.9084,500,823.374046
-613.45013,500,824.733939
-576.71484,500,824.733939
-1500.2289,500,824.733939
-1980.6354,500,828.26294
-1847.8398,500,828.26294
-2435.6655,500,828.26294
-1256.0564,500,829.792859
-1735.3071,500,829.792859
-2331.2769,500,829.792859
-2239.4265,500,833.675064
-1501.0764,500,833.675064
-2115.4404,500,833.675064
-3875.5469,500,837.368972
-1635.3813,500,837.368972
-3205.4028,500,837.368972
-1366.1869,500,841.616763
-2073.19,500,841.616763
-3317.196,500,841.616763
-802.6902,500,843.063065
-410.77112,500,843.063065
-1413.2439,500,843.063065
-1643.4423,500,844.723697
-1009.8075,500,844.723697
-2115.044,500,844.723697
-2316.421,500,848.296712
-1764.2444,500,848.296712
-2628.5547,500,848.296712
-3534.2356,500,851.00701
-1701.8853,500,851.00701
-4148.665,500,851.00701
-1913.7214,500,854.529523
-1515.3881,500,854.529523
-3241.1616,500,854.529523
-1930.5393,500,858.361203
-2199.6477,500,858.361203
-3336.7947,500,858.361203
-1157.9673,500,861.165929
-2588.6836,500,861.165929
-2513.3765,500,861.165929
-1393.4834,500,864.539394
-1337.6981,500,864.539394
-2024.2299,500,864.539394
-2005.2174,500,868.077925
-2497.9148,500,868.077925
-4030.7832,500,868.078926
-3679.276,500,873.26035
-3334.4883,500,873.26035
-3893.0312,500,873.26035
-1329.4595,500,874.584707
-1626.7975,500,874.584707
-1450.8242,500,874.584707
-2307.897,500,877.167028
-2266.9065,500,877.167028
-4388.4346,500,877.167028
-1502.7067,500,878.565765
-971.8056,500,878.566766
-1617.5078,500,878.566766
-2308.9287,500,881.408607
-1656.029,500,881.408607
-2759.839,500,881.408607
-1710.4119,500,882.913504
-1914.3496,500,882.913504
-4193.6206,500,882.913504
-1889.6589,500,885.579487
-2631.841,500,885.579487
-3700.6694,500,885.579487
-2712.6594,500,887.854286
-1572.8402,500,887.854286
-2828.1626,500,887.854286
-2545.58,500,890.714384
-1701.5137,500,890.714384
-2455.9646,500,890.714384
-2676.0522,500,894.260008
-1471.6941,500,894.260008
-2045.3987,500,894.260008
-2484.2861,500,900.200604
-5121.463,500,900.201605
-5952.0723,500,900.201605
-4135.4663,500,903.738849
-1878.5039,500,903.738849
-3078.676,500,903.738849
-1476.165,500,906.218596
-2468.006,500,906.218596
-1443.6442,500,906.218596
-1701.039,500,909.236005
-1521.4019,500,909.236005
-2226.6992,500,909.236005
-2356.1833,500,913.56189
-3121.0913,500,913.56189
-3371.5676,500,913.56189
-3237.4207,500,917.289433
-2134.398,500,917.289433
-3914.6882,500,917.289433
-1517.497,500,918.642962
-1132.5192,500,918.642962
-2509.2283,500,918.642962
-2573.0564,500,924.338486
-2070.8318,500,924.338486
-3929.2947,500,924.338486
-2916.6013,500,927.232757
-2352.159,500,927.232757
-2593.4155,500,927.232757
-1130.4828,500,929.292468
-1267.9398,500,929.292468
-2193.696,500,929.292468
-2509.7454,500,932.794946
-2642.6736,500,932.794946
-2601.632,500,932.794946
-1589.0386,500,935.781278
-1316.1368,500,935.781278
-2818.1533,500,935.781278
-1125.9355,500,938.463939
-1884.5945,500,938.463939
-2082.3987,500,938.463939
-1354.4652,500,941.20095
-1483.3099,500,941.20095
-2677.9468,500,941.20095
-1785.8674,500,943.520205
-1829.585,500,943.520205
-2442.9106,500,943.520205
-1504.0402,500,945.090042
-2940.1965,500,945.090042
-1745.6906,500,945.090042
-2373.0876,500,948.636144
-1812.8663,500,948.636144
-2052.8008,500,948.636144
-3108.1584,500,954.180872
-3077.182,500,954.180872
-4861.437,500,954.180872
-1701.187,500,956.842243
-1589.386,500,956.842243
-2018.9319,500,956.842243
-1668.484,500,959.351294
-2236.527,500,959.352294
-1641.8994,500,959.352294
-2656.1062,500,962.079185
-1371.7411,500,962.079185
-2085.335,500,962.079185
-932.3057,500,963.415653
-1051.9076,500,963.415653
-787.41815,500,963.415653
-2823.934,500,966.071634
-1484.0634,500,966.071634
-2388.604,500,966.071634
-1169.7316,500,968.988636
-1118.9727,500,968.988636
-2297.4814,500,968.988636
-2949.0034,500,972.41968
-1644.7599,500,972.41968
-3274.6646,500,972.41968
-1949.5504,500,975.138845
-2547.5522,500,975.138845
-2923.7302,500,975.138845
-1158.4414,500,977.706048
-895.74036,500,977.706048
-2571.0554,500,977.706048
-2314.4336,500,983.338975
-3079.073,500,983.338975
-3845.8098,500,983.338975
-4211.862,500,988.566461
-2432.505,500,988.566461
-4118.241,500,988.566461
-4076.92,500,994.691278
-4725.119,500,994.691278
-3892.4878,500,994.691278
-1710.4227,500,997.109092
-1220.2362,500,997.109092
-2729.7324,500,997.109092
-2483.1956,500,998.646504
-2216.1687,500,998.646504
-836.90393,500,998.646504
-1676.0211,500,1001.080077
-3466.7537,500,1001.080077
-1998.6877,500,1001.080077
-2882.4622,500,1007.078241
-3354.7393,500,1007.078241
-4430.959,500,1007.078241
-1925.9375,500,1010.55803
-1725.9808,500,1010.55803
-3101.7354,500,1010.55803
-2412.8464,500,1016.187414
-4078.767,500,1016.187414
-4597.4404,500,1016.187414
-1147.6782,500,1018.615221
-1873.2859,500,1018.615221
-2781.8403,500,1018.615221
-1565.9401,500,1022.217747
-1377.2643,500,1022.217747
-2613.229,500,1022.217747
-2301.3123,500,1025.540214
-1516.261,500,1025.540214
-4008.863,500,1025.540214
-1903.0712,500,1028.343333
-1924.2455,500,1028.343333
-3533.8667,500,1028.343333
-2211.5708,500,1032.011138
-1469.859,500,1032.011138
-2429.1533,500,1032.011138
-2091.5378,500,1035.669148
-2384.9463,500,1035.669148
-3073.0156,500,1035.669148
-2013.3496,500,1038.146029
-1158.6514,500,1038.146029
-1721.4034,500,1038.146029
-1634.9742,500,1039.462579
-1637.8033,500,1039.462579
-1228.0028,500,1039.462579
-2096.0303,500,1044.245808
-3080.0876,500,1044.245808
-3616.3132,500,1044.245808
-1482.5333,500,1047.742141
-1619.6843,500,1047.742141
-3123.5732,500,1047.742141
-1391.0319,500,1050.196721
-2117.283,500,1050.196721
-3298.003,500,1050.196721
-2584.6287,500,1053.615997
-3112.2788,500,1053.615997
-3718.7378,500,1053.615997
-2823.127,500,1057.371322
-1789.3029,500,1057.371322
-2443.3296,500,1057.371322
-2456.2366,500,1062.840656
-2199.791,500,1062.840656
-3260.1094,500,1062.840656
-2111.641,500,1066.213104
-1240.1768,500,1066.213104
-2783.9316,500,1066.213104
-1538.009,500,1069.289806
-2919.725,500,1069.289806
-2589.7366,500,1069.289806
-2062.54,500,1072.212542
-1746.521,500,1072.212542
-3402.2734,500,1072.213544
-1358.9218,500,1074.659343
-1647.1052,500,1074.659343
-2586.2156,500,1074.659343
-1275.2002,500,1077.001518
-2033.5593,500,1077.001518
-2523.9739,500,1077.001518
-764.2969,500,1078.187335
-666.1044,500,1078.187335
-1130.8752,500,1078.187335
-3434.1797,500,1083.64028
-2280.572,500,1083.64028
-3588.3696,500,1083.64028
-1548.4716,500,1084.903908
-1756.2637,500,1084.903908
-1463.2064,500,1084.903908
-470.45166,500,1086.12732
-1851.188,500,1086.12732
-572.0122,500,1086.12732
-2237.841,500,1089.716216
-1504.7345,500,1089.716216
-2908.8325,500,1089.716216
-2631.2761,500,1095.403002
-2522.0466,500,1095.403002
-3779.9045,500,1095.403002
-2270.046,500,1100.145747
-2594.2676,500,1100.145747
-3739.2017,500,1100.145747
-2687.481,500,1103.311067
-1668.7506,500,1103.311067
-2598.0576,500,1103.311067
-1452.7864,500,1104.56935
-1411.5026,500,1104.56935
-670.51544,500,1104.56935
-1711.4229,500,1107.471847
-2192.4712,500,1107.471847
-2263.3313,500,1107.471847
-1223.1213,500,1110.001489
-2667.2744,500,1110.001489
-1565.7238,500,1110.001489
-3443.801,500,1114.072161
-3548.0396,500,1114.072161
-3908.879,500,1114.072161
-1891.2782,500,1117.618054
-1510.9149,500,1117.618054
-2339.987,500,1117.618054
-2842.26,500,1123.386725
-2570.7144,500,1123.386725
-3889.0085,500,1123.386725
-2804.0103,500,1125.784403
-1097.8583,500,1125.784403
-2110.6003,500,1125.784403
-3310.5051,500,1130.160064
-3280.6804,500,1130.160064
-3935.4783,500,1130.160064
-2542.849,500,1132.880221
-1480.4224,500,1132.880221
-1925.4797,500,1132.880221
-3256.8442,500,1135.830417
-1991.1738,500,1135.830417
-3764.4175,500,1135.830417
-2605.8115,500,1138.492694
-3229.9558,500,1138.492694
-3000.0046,500,1138.492694
-1124.329,500,1140.924248
-1675.7941,500,1140.924248
-2462.3662,500,1140.924248
-3847.805,500,1144.452662
-1510.4231,500,1144.452662
-2860.5938,500,1144.452662
-1043.1643,500,1147.297706
-979.0495,500,1147.297706
-1964.4379,500,1147.297706
-2035.3481,500,1149.974794
-1506.599,500,1149.974794
-2819.641,500,1149.974794
-1635.9374,500,1153.486414
-1880.9104,500,1153.486414
-3577.5422,500,1153.486414
-1995.2764,500,1156.930444
-2592.2441,500,1156.930444
-2506.8538,500,1156.930444
-1470.8878,500,1159.988337
-1069.4362,500,1159.988337
-3493.0488,500,1159.988337
-2010.2509,500,1161.320331
-786.262,500,1161.320331
-1190.3702,500,1161.320331
-1345.3363,500,1164.78673
-1837.3079,500,1164.78673
-3045.63,500,1164.78673
-849.15686,500,1166.62616
-1332.9843,500,1166.62616
-1558.6902,500,1166.62616
-1595.7212,500,1170.854683
-2297.0552,500,1170.854683
-2714.078,500,1170.854683
-1911.3213,500,1174.159605
-2448.4814,500,1174.159605
-3470.2754,500,1174.159605
-1472.201,500,1176.67847
-1364.2522,500,1176.67847
-2309.224,500,1176.67847
-784.6768,500,1177.871146
-1921.8878,500,1177.871146
-1269.5542,500,1177.871146
-2695.3433,500,1183.134487
-2638.7563,500,1183.134487
-4100.791,500,1183.134487
-3228.586,500,1188.787265
-2485.3186,500,1188.787265
-3578.2395,500,1188.787265
-1933.292,500,1191.575454
-3365.7314,500,1191.575454
-2671.2314,500,1191.575454
-1087.8884,500,1194.106728
-2766.0693,500,1194.106728
-2428.4304,500,1194.106728
-2117.8843,500,1195.319047
-442.3091,500,1195.319047
-1108.7991,500,1195.319047
-1752.5099,500,1199.158764
-1209.9812,500,1199.158764
-2309.2488,500,1199.158764
-2610.1824,500,1202.5628
-2314.9646,500,1202.5628
-3562.2803,500,1202.5628
-2551.9182,500,1206.102288
-2070.5845,500,1206.102288
-2665.523,500,1206.102288
-4824.251,500,1211.331622
-3943.56,500,1211.331622
-4261.2944,500,1211.331622
-2305.3408,500,1215.002928
-2606.4377,500,1215.002928
-3369.092,500,1215.002928
-1560.3867,500,1217.489673
-910.9647,500,1217.489673
-1959.9573,500,1217.489673
-720.2035,500,1218.73591
-686.6859,500,1218.73591
-2393.1575,500,1218.73591
-616.61847,500,1219.990412
-501.42014,500,1219.990412
-716.8678,500,1219.990412
-1715.205,500,1222.941657
-2043.8618,500,1222.941657
-2373.6277,500,1222.941657
-2513.9524,500,1226.326768
-3492.067,500,1226.326768
-2675.4958,500,1226.326768
-3099.9644,500,1232.279471
-4342.1797,500,1232.279471
-3771.8196,500,1232.279471
-1735.5016,500,1235.920675
-2076.7688,500,1235.920675
-4462.768,500,1235.920675
-3084.8774,500,1241.425642
-2865.0498,500,1241.425642
-3058.443,500,1241.425642
-1792.4342,500,1242.705561
-2939.454,500,1242.705561
-2071.3303,500,1242.705561
-1798.6172,500,1245.236893
-1332.1727,500,1245.236893
-2774.6191,500,1245.236893
-1789.1732,500,1248.835839
-3012.7778,500,1248.835839
-3107.1694,500,1248.835839
-1623.3419,500,1252.237723
-1907.8772,500,1252.237723
-1843.445,500,1252.237723
-2572.9556,500,1255.821454
-1892.6827,500,1255.821454
-4160.4233,500,1255.821454
-2230.0598,500,1259.252933
-2612.2454,500,1259.252933
-3109.9985,500,1259.252933
-2373.7563,500,1262.76357
-2007.5629,500,1262.76357
-4171.25,500,1262.76357
-2127.9385,500,1266.343198
-1354.99,500,1266.343198
-2754.4363,500,1266.343198
-1410.9375,500,1269.035205
-1214.7279,500,1269.035205
-1998.8881,500,1269.035205
-1070.0035,500,1270.256084
-1782.7625,500,1270.256084
-1703.9406,500,1270.256084
-1456.9905,500,1273.004676
-1535.8181,500,1273.004676
-2183.933,500,1273.004676
-2907.5151,500,1276.700135
-1567.3804,500,1276.700135
-4061.3352,500,1276.700135
-2684.7917,500,1281.40925
-2857.593,500,1281.40925
-4657.8394,500,1281.40925
-2016.2505,500,1284.74773
-1605.3846,500,1284.74773
-3009.429,500,1284.74773
-2815.595,500,1289.528137
-2339.513,500,1289.528137
-5836.794,500,1289.528137
-2716.3186,500,1293.150519
-2169.4917,500,1293.150519
-2618.9478,500,1293.151517
-1353.5209,500,1294.473348
-1233.8525,500,1294.473348
-1579.5646,500,1294.473348
-1100.8859,500,1295.736636
-1039.1189,500,1295.736636
-721.2847,500,1295.736636
-1493.1312,500,1298.176227
-931.7172,500,1298.176227
-2260.9575,500,1298.176227
-933.3757,500,1299.691538
-1241.4443,500,1299.691538
-746.4412,500,1299.691538
-1570.7485,500,1300.900028
-556.3693,500,1300.900028
-708.2479,500,1300.900028
-2389.6243,500,1304.497456
-2980.6162,500,1304.497456
-2410.6345,500,1304.497456
-510.5024,500,1305.571981
-884.0607,500,1305.571981
-725.4103,500,1305.571981
-1713.4701,500,1308.965959
-3859.057,500,1308.965959
-2831.0457,500,1308.965959
-1200.403,500,1311.8217
-1724.7247,500,1311.8217
-2835.6685,500,1311.8217
-2312.022,500,1313.846755
-762.989,500,1313.846755
-2452.6655,500,1313.846755
-2527.1475,500,1317.079603
-2513.636,500,1317.079603
-3652.4663,500,1317.079603
-1809.0099,500,1319.550147
-1692.8627,500,1319.550147
-3566.5083,500,1319.550147
-3094.686,500,1325.058771
-1755.2007,500,1325.058771
-3862.7107,500,1325.058771
-2075.8542,500,1326.318137
-1440.6565,500,1326.318137
-1287.7678,500,1326.318137
-1554.7758,500,1329.8968
-1367.6936,500,1329.8968
-2107.4502,500,1329.8968
-2600.6794,500,1333.593657
-1736.0148,500,1333.593657
-3206.9268,500,1333.593657
-2240.9106,500,1337.295566
-3162.3276,500,1337.295566
-2477.0217,500,1337.295566
-1274.449,500,1338.536393
-1784.9021,500,1338.536393
-2058.98,500,1338.536393
-1411.6428,500,1340.44801
-568.8811,500,1340.44801
-2038.7299,500,1340.44801
-2916.699,500,1346.263166
-2577.866,500,1346.263166
-4377.7207,500,1346.263166
-2710.923,500,1350.020478
-3070.6985,500,1350.020478
-2943.1692,500,1350.020478
-2634.2788,500,1353.43972
-1811.6652,500,1353.43972
-3097.594,500,1353.43972
-1412.2909,500,1356.879049
-3200.1604,500,1356.879049
-2142.5679,500,1356.879049
-3224.4355,500,1362.107186
-2127.6038,500,1362.107186
-4552.9976,500,1362.107186
-1596.211,500,1363.640157
-503.96738,500,1363.640157
-610.01764,500,1363.640157
-2531.0498,500,1368.75089
-2874.8303,500,1368.75089
-3958.2869,500,1368.75089
-1172.482,500,1371.255035
-2293.234,500,1371.255035
-1615.3595,500,1371.255035
-715.7632,500,1372.469636
-807.4373,500,1372.469636
-1223.8823,500,1372.469636
-2922.898,500,1376.588825
-2354.4258,500,1376.588825
-3518.4644,500,1376.588825
-1732.0822,500,1380.003693
-2440.116,500,1380.003693
-4408.1133,500,1380.003693
-2495.6091,500,1383.517685
-1992.4554,500,1383.517685
-3224.1973,500,1383.517685
-1830.683,500,1384.776235
-1169.8778,500,1384.776235
-931.10657,500,1384.776235
-1382.1802,500,1386.29483
-777.305,500,1386.29483
-819.4244,500,1386.29483
-2107.8767,500,1388.848454
-1141.1287,500,1388.848454
-1954.4823,500,1388.848454
-1162.465,500,1390.672226
-1536.0695,500,1390.672226
-1612.6031,500,1390.672226
-1827.5846,500,1394.098947
-1995.5149,500,1394.098947
-2818.5193,500,1394.099947
-2015.3123,500,1398.906563
-1776.6516,500,1398.906563
-3692.7107,500,1398.906563
-1823.2665,500,1401.610169
-2198.8142,500,1401.610169
-2007.5957,500,1401.610169
-2657.646,500,1402.813722
-821.3066,500,1402.813722
-1459.4834,500,1402.813722
-2285.4656,500,1406.096854
-1708.8484,500,1406.096854
-2084.7913,500,1406.096854
-1037.3479,500,1408.748854
-958.0533,500,1408.748854
-1612.1188,500,1408.748854
-1632.319,500,1411.43635
-1379.7784,500,1411.43635
-2158.2239,500,1411.43635
-846.9228,500,1412.666705
-1852.5165,500,1412.666705
-1378.575,500,1412.666705
-1208.696,500,1415.442348
-1518.2137,500,1415.442348
-2378.8582,500,1415.442348
-2945.3938,500,1420.986388
-2024.2821,500,1420.986388
-3992.6362,500,1420.986388
-2627.196,500,1424.333627
-2498.6145,500,1424.333627
-3313.9355,500,1424.333627
-2325.0293,500,1428.046777
-1860.1674,500,1428.046777
-2113.819,500,1428.046777
-3564.4749,500,1432.474836
-2258.674,500,1432.474836
-2682.8481,500,1432.474836
-3070.2773,500,1435.303418
-1037.339,500,1435.303418
-2239.7307,500,1435.303418
-2575.8547,500,1437.732947
-2220.2583,500,1437.732947
-3172.9324,500,1437.732947
-3509.2224,500,1441.201697
-2628.2507,500,1441.201697
-3156.606,500,1441.201697
-571.69934,500,1442.540582
-1099.4562,500,1442.540582
-1058.7582,500,1442.540582
-2767.7793,500,1445.226073
-2451.375,500,1445.226073
-4354.3984,500,1445.226073
-1403.1564,500,1448.429436
-3450.7292,500,1448.429436
-1906.9486,500,1448.429436
-1261.5463,500,1450.343998
-2962.3796,500,1450.343998
-1867.158,500,1450.344998
-3587.1228,500,1451.700916
-1598.5719,500,1451.701915
-1898.7424,500,1451.701915
-1077.6997,500,1453.007106
-9279.7705,500,1453.007106
-1145.9056,500,1453.007106
-3112.89,500,1459.114883
-3190.0117,500,1459.114883
-5098.7046,500,1459.114883
-2611.4207,500,1464.583681
-2608.932,500,1464.583681
-5134.159,500,1464.583681
-1396.344,500,1467.207513
-1018.94507,500,1467.207513
-1390.0641,500,1467.207513
-2106.2048,500,1471.350992
-1892.2527,500,1471.350992
-3533.2158,500,1471.350992
-1170.6451,500,1472.960823
-1255.0918,500,1472.960823
-3708.2893,500,1472.960823
-1076.607,500,1476.485019
-2553.3657,500,1476.485019
-2436.5232,500,1476.485019
-2015.6213,500,1480.002731
-1258.2637,500,1480.002731
-2831.5464,500,1480.002731
-2443.0237,500,1483.429368
-2754.414,500,1483.429368
-3090.9412,500,1483.429368
-598.2038,500,1484.935552
-1174.3192,500,1484.935552
-738.022,500,1484.935552
-605.5977,500,1486.122106
-510.0107,500,1486.122106
-765.71875,500,1486.122106
-2463.544,500,1488.910597
-1655.8508,500,1488.910597
-2893.592,500,1488.910597
-1064.7816,500,1491.499754
-1128.657,500,1491.499754
-1327.8047,500,1491.499754
-1381.6765,500,1493.063891
-412.07657,500,1493.063891
-1535.0148,500,1493.063891
-957.0395,500,1494.505839
-781.5429,500,1494.505839
-1213.2052,500,1494.505839
-1832.116,500,1495.774902
-388.0656,500,1495.774902
-1274.8633,500,1495.774902
-2818.0469,500,1500.455432
-3101.5315,500,1500.455432
-3955.0044,500,1500.455432
-2370.1738,500,1506.866422
-2514.1501,500,1506.866422
-4298.343,500,1506.866422
-2100.2021,500,1510.275088
-1360.3398,500,1510.275088
-2105.8406,500,1510.275088
-2339.7986,500,1515.181643
-2173.3945,500,1515.181643
-3224.2244,500,1515.181643
-1046.5065,500,1517.817039
-884.7011,500,1517.817039
-1378.1044,500,1517.817039
-1543.7883,500,1519.300385
-870.76654,500,1519.300385
-1356.913,500,1519.300385
-2636.195,500,1525.432503
-3292.3025,500,1525.432503
-4455.756,500,1525.432503
-560.3722,500,1526.579049
-1344.9332,500,1526.579049
-1637.7065,500,1526.579049
-801.84436,500,1529.099827
-1584.0316,500,1529.099827
-1756.9127,500,1529.099827
-1596.3704,500,1530.683643
-1187.3561,500,1530.683643
-1734.3955,500,1530.683643
-1629.185,500,1531.962525
-803.91583,500,1531.962525
-1270.673,500,1531.962525
-910.3348,500,1533.56915
-1054.3171,500,1533.56915
-831.40894,500,1533.56915
-2998.781,500,1538.959223
-2218.6162,500,1538.959223
-3606.9312,500,1538.959223
-1595.9849,500,1540.356974
-707.8041,500,1540.356974
-535.34576,500,1540.356974
-2665.3362,500,1544.053583
-3457.0461,500,1544.053583
-3561.2542,500,1544.053583
-1966.4681,500,1546.706938
-1722.97,500,1546.706938
-1727.1748,500,1546.706938
-1741.8342,500,1547.973772
-2155.7239,500,1547.973772
-3635.8208,500,1547.973772
-1403.1036,500,1549.982805
-2572.5586,500,1549.982805
-1627.0791,500,1549.982805
-1734.4517,500,1552.591738
-1460.7411,500,1552.591738
-2992.721,500,1552.591738
-1724.7997,500,1555.411667
-1982.1862,500,1555.411667
-2648.6958,500,1555.411667
-3100.3403,500,1560.961795
-2956.7454,500,1560.961795
-4533.3247,500,1560.961795
-1917.1875,500,1564.62051
-2684.6765,500,1564.62051
-7472.3857,500,1564.62051
-1927.1812,500,1567.577215
-2824.8813,500,1567.577215
-2630.8303,500,1567.577215
-1955.4745,500,1571.227843
-2537.1882,500,1571.227843
-3680.6553,500,1571.227843
-1658.77,500,1573.287858
-1046.7632,500,1573.287858
-2803.5212,500,1573.287858
-1110.7911,500,1574.589869
-1593.1742,500,1574.589869
-1285.2943,500,1574.589869
-1119.837,500,1577.393262
-986.93176,500,1577.393262
-1483.1998,500,1577.393262
-3316.5574,500,1582.448436
-2832.9556,500,1582.448436
-3818.8447,500,1582.448436
-1727.609,500,1583.666409
-1221.57,500,1583.666409
-1233.5363,500,1583.666409
-1373.8606,500,1586.192194
-1111.7609,500,1586.192194
-2200.396,500,1586.192194
-2156.3418,500,1590.080162
-3701.8901,500,1590.080162
-3952.73,500,1590.080162
-1694.7765,500,1593.421159
-2036.4564,500,1593.421159
-3160.5598,500,1593.421159
-3424.5022,500,1598.885678
-2111.3728,500,1598.885678
-3331.2205,500,1598.885678
-1240.2599,500,1601.43247
-1580.348,500,1601.43247
-3582.5476,500,1601.43247
-1957.5592,500,1604.333199
-2582.897,500,1604.333199
-3478.967,500,1604.333199
-1958.337,500,1606.139025
-1409.155,500,1606.139025
-3924.6155,500,1606.139025
-1951.1929,500,1609.792695
-2501.5925,500,1609.792695
-3129.0327,500,1609.792695
-1213.3809,500,1612.409373
-853.20056,500,1612.409373
-2972.2573,500,1612.409373
-2529.596,500,1616.18286
-1582.0232,500,1616.18286
-2566.187,500,1616.18286
-1596.5854,500,1618.594804
-2625.8262,500,1618.594804
-2373.105,500,1618.594804
-3415.8958,500,1623.990366
-1877.4645,500,1623.990366
-4663.1284,500,1623.990366
-1454.5264,500,1626.493935
-2856.1846,500,1626.493935
-2600.0698,500,1626.493935
-2913.3643,500,1632.007663
-2912.0767,500,1632.007663
-3090.0466,500,1632.007663
-626.17834,500,1633.176439
-916.02167,500,1633.176439
-750.71747,500,1633.176439
-3438.0166,500,1638.329877
-3179.683,500,1638.329877
-4311.4907,500,1638.329877
-2867.307,500,1644.265404
-2709.5098,500,1644.265404
-4397.505,500,1644.265404
-2263.9634,500,1647.793722
-1441.6362,500,1647.793722
-1939.8276,500,1647.793722
-1932.8976,500,1651.028872
-2759.771,500,1651.028872
-3770.0654,500,1651.028872
-2272.705,500,1653.519755
-1044.0085,500,1653.519755
-1919.5474,500,1653.519755
-1114.3799,500,1654.822419
-1785.2902,500,1654.822419
-2648.8232,500,1654.822419
-2884.1006,500,1661.187208
-2561.7156,500,1661.188208
-4196.5244,500,1661.188208
-2015.2728,500,1663.935082
-1337.3778,500,1663.935082
-3104.1733,500,1663.935082
-1979.8115,500,1666.751373
-1307.9576,500,1666.751373
-2733.45,500,1666.751373
-1313.5868,500,1668.170724
-1723.9463,500,1668.170724
-871.9309,500,1668.170724
-1527.8724,500,1671.872245
-1205.7555,500,1671.872245
-3191.363,500,1671.872245
-2397.4377,500,1676.34797
-3234.434,500,1676.34797
-3935.5637,500,1676.34797
-2380.1243,500,1678.904377
-1528.3927,500,1678.904377
-1984.4161,500,1678.904377
-3608.7927,500,1684.976161
-2185.2244,500,1684.976161
-3934.7815,500,1684.976161
-3750.4097,500,1688.797004
-2656.2344,500,1688.797004
-3664.843,500,1688.797004
-1828.1619,500,1690.03635
-931.6157,500,1690.03635
-996.3097,500,1690.03635
-2909.6282,500,1694.074265
-2519.7822,500,1694.074265
-2603.3086,500,1694.074265
-5062.5586,500,1697.677067
-1787.9257,500,1697.677067
-3476.934,500,1697.677067
-1910.7213,500,1698.898476
-603.13885,500,1698.898476
-893.90283,500,1698.898476
-1943.512,500,1702.720963
-1284.6143,500,1702.720963
-2476.3208,500,1702.720963
-1973.2103,500,1706.085603
-1485.1686,500,1706.085603
-3311.4102,500,1706.085603
-3395.275,500,1711.448984
-2335.7437,500,1711.448984
-4819.503,500,1711.448984
-796.71356,500,1712.681478
-1260.5831,500,1712.681478
-2245.1228,500,1712.682478
-1162.3208,500,1715.20817
-2431.8271,500,1715.20817
-1876.4297,500,1715.20817
-1383.024,500,1717.65414
-4461.6113,500,1717.65414
-2329.5024,500,1717.65414
-2640.1697,500,1723.915342
-2449.5278,500,1723.915342
-5564.473,500,1723.915342
-2267.8372,500,1729.20133
-2095.1743,500,1729.20133
-2830.5266,500,1729.20133
-2622.8027,500,1733.295913
-2198.2773,500,1733.295913
-5399.4155,500,1733.295913
-2821.268,500,1736.817179
-1753.3877,500,1736.817179
-2716.083,500,1736.817179
-2776.5603,500,1739.331355
-1895.0083,500,1739.331355
-1998.6293,500,1739.331355
-1837.412,500,1741.907858
-2143.8042,500,1741.907858
-2917.1096,500,1741.907858
-2346.2876,500,1744.688259
-1488.7925,500,1744.688259
-2787.7085,500,1744.688259
-1849.6663,500,1748.19794
-3479.9646,500,1748.19794
-2382.4258,500,1748.19794
-2589.979,500,1751.410102
-1375.4843,500,1751.410102
-2757.185,500,1751.410102
-960.8032,500,1752.726562
-1606.6573,500,1752.726562
-1060.0293,500,1752.726562
-2063.9773,500,1756.543925
-1352.6187,500,1756.543925
-3651.6504,500,1756.543925
-1396.0532,500,1759.092899
-758.82983,500,1759.092899
-2861.8853,500,1759.092899
-1873.124,500,1762.42801
-1988.4536,500,1762.42801
-2523.437,500,1762.42801
-2816.824,500,1766.673978
-1933.5873,500,1766.674978
-2540.3296,500,1766.674978
-983.7311,500,1768.169944
-375.5196,500,1768.169944
-775.961,500,1768.169944
-4642.716,500,1772.249829
-2351.0664,500,1772.249829
-4253.97,500,1772.249829
-1829.7332,500,1774.939105
-1883.2528,500,1774.939105
-1874.7006,500,1774.939105
-1765.3884,500,1777.678163
-1748.208,500,1777.678163
-3208.795,500,1777.678163
-4728.678,500,1783.397779
-4410.9155,500,1783.397779
-5136.358,500,1783.397779
-3414.756,500,1787.238935
-3126.934,500,1787.238935
-4114.8457,500,1787.238935
-1517.9681,500,1788.552175
-1062.183,500,1788.552175
-1728.8818,500,1788.552175
-1805.0452,500,1792.309813
-1727.8883,500,1792.309813
-2508.5808,500,1792.309813
-2290.2207,500,1795.092576
-1921.3737,500,1795.093575
-1676.8387,500,1795.093575
-803.76294,500,1796.434016
-640.2921,500,1796.434016
-1999.4927,500,1796.434016
-2034.9594,500,1797.749484
-582.69293,500,1797.750484
-791.2117,500,1797.750484
-1309.5713,500,1799.150364
-1263.2571,500,1799.150364
-2140.1216,500,1799.150364
-3628.0303,500,1805.511211
-1989.9172,500,1805.511211
-4149.333,500,1805.511211
-2632.7334,500,1809.432021
-2223.0117,500,1809.432021
-5033.532,500,1809.432021
-1364.0408,500,1812.013619
-1111.1918,500,1812.013619
-1764.9205,500,1812.013619
-1200.292,500,1814.430775
-2267.7368,500,1814.430775
-1798.863,500,1814.430775
-2399.3503,500,1817.279378
-1648.6327,500,1817.279378
-3392.5364,500,1817.279378
-1040.2838,500,1818.4895
-711.5248,500,1818.4895
-1972.4392,500,1818.4895
-3030.7883,500,1822.567696
-2423.6777,500,1822.567696
-3874.3691,500,1822.567696
-1575.9894,500,1825.178847
-1321.607,500,1825.178847
-3810.8425,500,1825.178847
-2868.6729,500,1829.193806
-2959.5166,500,1829.193806
-4079.7776,500,1829.193806
-2517.3367,500,1833.125762
-2416.378,500,1833.125762
-4466.57,500,1833.125762
-2711.2166,500,1839.239782
-2373.8503,500,1839.239782
-4132.9243,500,1839.239782
-2099.6592,500,1841.836252
-3144.4717,500,1841.836252
-1741.0801,500,1841.836252
-2224.6858,500,1845.596424
-2624.2974,500,1845.596424
-3140.2043,500,1845.596424
-2101.024,500,1847.067166
-1409.5652,500,1847.067166
-631.0129,500,1847.067166
-1945.2844,500,1850.701108
-1762.9714,500,1850.701108
-3305.125,500,1850.701108
-1301.233,500,1853.195858
-986.2526,500,1853.195858
-1765.7455,500,1853.195858
-2267.9421,500,1856.76979
-1780.0947,500,1856.76979
-2812.026,500,1856.76979
-1896.1388,500,1860.739624
-3690.8806,500,1860.739624
-3029.2124,500,1860.739624
-691.7217,500,1861.970666
-1840.3445,500,1861.970666
-1051.7291,500,1861.970666
-1328.6437,500,1864.462419
-2773.2913,500,1864.462419
-1438.7844,500,1864.462419
-2241.9065,500,1867.05685
-1985.4067,500,1867.05685
-2061.3909,500,1867.05685
-1326.7194,500,1868.578784
-1327.2524,500,1868.578784
-1704.157,500,1868.578784
-600.98315,500,1869.839321
-441.6107,500,1869.839321
-1718.4647,500,1869.839321
-2946.933,500,1874.04824
-2891.0217,500,1874.04824
-4916.917,500,1874.04824
-3515.8318,500,1880.629672
-4296.751,500,1880.629672
-5445.453,500,1880.629672
-2510.392,500,1885.174599
-3202.698,500,1885.174599
-4958.532,500,1885.174599
-1757.5695,500,1887.663137
-1694.398,500,1887.663137
-2949.7554,500,1887.663137
-2652.5134,500,1893.494346
-4474.4346,500,1893.494346
-7120.622,500,1893.494346
-3006.2825,500,1899.778918
-3334.225,500,1899.778918
-5602.6367,500,1899.778918
-1965.8599,500,1903.562777
-1866.2251,500,1903.562777
-2043.3123,500,1903.562777
-2361.8242,500,1908.548895
-2191.2878,500,1908.548895
-3194.026,500,1908.548895
-2669.804,500,1912.326999
-1735.227,500,1912.326999
-3281.812,500,1912.326999
-2360.7173,500,1917.242936
-1853.4023,500,1917.242936
-4129.7275,500,1917.242936
-1712.8896,500,1918.748282
-1832.3147,500,1918.748282
-1493.0398,500,1918.748282
-2166.2554,500,1922.510152
-2109.1953,500,1922.510152
-2447.733,500,1922.510152
-899.0823,500,1923.756889
-1586.5947,500,1923.756889
-1848.6217,500,1923.756889
-2627.0425,500,1928.854825
-2317.694,500,1928.854825
-4713.008,500,1928.854825
-5056.465,500,1934.348753
-2835.3972,500,1934.348753
-6057.3657,500,1934.348753
-1482.4524,500,1935.630385
-477.63843,500,1935.630385
-820.29144,500,1935.630385
-2044.378,500,1939.45421
-2802.1836,500,1939.45421
-3551.9907,500,1939.45421
-1039.9928,500,1942.049279
-1086.6005,500,1942.049279
-1662.5118,500,1942.049279
-1544.8627,500,1945.79729
-2055.5654,500,1945.79729
-2550.0889,500,1945.79729
-3435.2366,500,1950.880999
-2971.8984,500,1950.880999
-4009.111,500,1950.880999
-2262.343,500,1953.441703
-1288.9849,500,1953.441703
-1466.769,500,1953.441703
-3796.302,500,1957.72598
-2628.2659,500,1957.72598
-3391.309,500,1957.72598
-1899.5784,500,1960.605534
-1807.3218,500,1960.605534
-1873.9373,500,1960.605534
-1749.5544,500,1963.181583
-867.13135,500,1963.181583
-2793.221,500,1963.181583
-3975.4922,500,1969.041163
-3424.7812,500,1969.041163
-5996.228,500,1969.041163
-1318.823,500,1971.456784
-1358.8123,500,1971.456784
-1271.8868,500,1971.456784
-739.8669,500,1972.913273
-972.27466,500,1972.913273
-622.20795,500,1972.913273
-2257.698,500,1976.847561
-1815.5734,500,1976.848564
-4990.643,500,1976.848564
-1166.5125,500,1978.474891
-813.1326,500,1978.475891
-2540.886,500,1978.475891
-912.7047,500,1980.651153
-752.029,500,1980.651153
-1261.0785,500,1980.652154
-3277.0024,500,1986.217384
-4633.2744,500,1986.217384
-6405.6104,500,1986.217384
-2099.4668,500,1990.386733
-2651.654,500,1990.386733
-2955.5405,500,1990.386733
-2435.6606,500,1994.28673
-1709.3726,500,1994.28673
-3400.7107,500,1994.28673
-2546.069,500,1998.089311
-2268.556,500,1998.089311
-4120.57,500,1998.089311
-2773.8853,500,2003.930497
-2539.7778,500,2003.930497
-4555.4985,500,2003.930497
-2629.4958,500,2008.68844
-1589.9667,500,2008.68844
-3290.711,500,2008.68844
-1652.9911,500,2012.103557
-1323.157,500,2012.103557
-1915.4607,500,2012.103557
-2598.6282,500,2015.658935
-2168.1365,500,2015.658935
-3994.264,500,2015.658935
-3294.6316,500,2019.099931
-3092.5688,500,2019.099931
-3024.876,500,2019.099931
-2747.1177,500,2025.546327
-2155.4565,500,2025.546327
-4442.0977,500,2025.546327
-3039.0234,500,2029.139666
-2134.4692,500,2029.139666
-2979.6736,500,2029.139666
-736.06464,500,2030.404224
-1221.3107,500,2030.405224
-937.9871,500,2030.405224
-1181.9102,500,2031.680165
-3448.5952,500,2031.680165
-2302.2454,500,2031.680165
-557.0627,500,2033.092821
-1233.1082,500,2033.092821
-1357.2007,500,2033.092821
-2974.2427,500,2035.759626
-1789.9259,500,2035.759626
-2605.2537,500,2035.759626
-2788.5847,500,2040.994124
-1874.5558,500,2040.994124
-4091.023,500,2040.994124
-2062.4524,500,2044.498319
-1748.6978,500,2044.498319
-2273.8108,500,2044.498319
-484.19174,500,2045.967885
-1113.7659,500,2045.967885
-904.74097,500,2045.967885
-1261.9387,500,2048.495288
-1029.2064,500,2048.495288
-1673.8994,500,2048.495288
-3019.7,500,2054.085399
-2257.362,500,2054.085399
-6441.94,500,2054.085399
-759.5827,500,2055.337898
-2078.906,500,2055.337898
-1744.2456,500,2055.337898
-423.12143,500,2056.75982
-989.9383,500,2056.75982
-1083.0557,500,2056.75982
-1455.9916,500,2060.570023
-1817.8408,500,2060.570023
-2376.3645,500,2060.570023
-1720.4603,500,2064.454677
-2071.6162,500,2064.454677
-3778.0762,500,2064.454677
-1899.2449,500,2067.13466
-2348.151,500,2067.13466
-2674.1892,500,2067.13466
-2476.6191,500,2073.667678
-3888.118,500,2073.667678
-5258.203,500,2073.667678
-1416.0709,500,2074.806075
-1925.1323,500,2074.806075
-1050.6846,500,2074.806075
-4139.205,500,2081.175941
-3208.9338,500,2081.175941
-3709.6057,500,2081.175941
-1442.0703,500,2084.236734
-1093.7051,500,2084.236734
-2461.096,500,2084.236734
-2530.7131,500,2088.330493
-1465.1477,500,2088.330493
-3686.5166,500,2088.330493
-1856.0089,500,2092.071153
-1808.4838,500,2092.071153
-3297.389,500,2092.071153
-3129.6833,500,2095.701702
-1730.2146,500,2095.701702
-2801.689,500,2095.701702
-2031.715,500,2099.128518
-1400.8237,500,2099.128518
-3486.156,500,2099.128518
-3162.86,500,2104.511116
-2815.0903,500,2104.511116
-4608.0454,500,2104.511116
-1713.9811,500,2107.194231
-1690.8536,500,2107.194231
-3003.602,500,2107.194231
-3096.7576,500,2113.132946
-3007.9863,500,2113.132946
-5741.2085,500,2113.132946
-1813.6002,500,2114.50419
-910.0934,500,2114.505196
-2356.0361,500,2114.505196
-4221.293,500,2121.046371
-3535.0112,500,2121.046371
-5121.7393,500,2121.046371
-1561.3306,500,2123.559749
-2159.2227,500,2123.559749
-4848.7197,500,2123.559749
-3218.4358,500,2128.904698
-2047.9437,500,2128.904698
-3644.462,500,2128.904698
-1412.2709,500,2132.408361
-1447.6581,500,2132.408361
-2751.0828,500,2132.408361
-851.4434,500,2134.56802
-4731.6265,500,2134.56802
-1798.073,500,2134.56802
-684.1881,500,2135.736096
-1916.8806,500,2135.736096
-592.87335,500,2135.736096
-1733.2437,500,2139.298831
-1271.6198,500,2139.298831
-3046.9917,500,2139.298831
-2967.7368,500,2143.376806
-1887.1273,500,2143.376806
-2907.3486,500,2143.376806
-646.61444,500,2144.549515
-681.93365,500,2144.549515
-1489.9017,500,2144.549515
-2448.0034,500,2148.830342
-1573.6664,500,2148.830342
-2849.0515,500,2148.830342
-1586.9784,500,2150.11455
-791.2034,500,2150.11455
-1247.4866,500,2150.11455
-3238.9397,500,2155.583507
-2375.8977,500,2155.583507
-3388.236,500,2155.583507
-1603.0521,500,2158.113935
-2446.2178,500,2158.113935
-2141.4824,500,2158.113935
-1778.1729,500,2161.871673
-3794.4922,500,2161.871673
-4636.1597,500,2161.871673
-2458.713,500,2165.577526
-2756.362,500,2165.577526
-2996.5881,500,2165.577526
-2590.382,500,2167.570671
-1284.6069,500,2167.570671
-2893.2212,500,2167.570671
-2238.1377,500,2171.107261
-1959.2411,500,2171.107261
-4012.8577,500,2171.107261
-1900.6896,500,2173.853966
-1229.7037,500,2173.853966
-2926.6514,500,2173.853966
-1053.7827,500,2176.429428
-1116.6495,500,2176.429428
-1601.0643,500,2176.429428
-1797.6671,500,2179.942154
-1111.1685,500,2179.942154
-2061.28,500,2179.942154
-1048.2196,500,2181.289551
-1183.7992,500,2181.289551
-2353.3237,500,2181.289551
-1709.9358,500,2185.101822
-2028.5321,500,2185.101822
-3916.7393,500,2185.101822
-2225.2183,500,2187.653548
-2223.253,500,2187.653548
-2826.7344,500,2187.653548
-1911.5901,500,2188.934138
-1282.7922,500,2188.934138
-1082.0175,500,2188.934138
-1218.1587,500,2192.382718
-1435.0026,500,2192.382718
-3404.9304,500,2192.382718
-1539.2822,500,2197.194174
-1618.443,500,2197.194174
-2999.437,500,2197.194174
-3790.7583,500,2200.675845
-2714.153,500,2200.675845
-3592.575,500,2200.675845
-1895.06,500,2205.857314
-1834.787,500,2205.857314
-3214.8357,500,2205.857314
-2238.4724,500,2210.875925
-2379.4053,500,2210.875925
-4612.0654,500,2210.875925
-1996.069,500,2212.333065
-2413.575,500,2212.333065
-1313.819,500,2212.333065
-3236.6577,500,2218.597878
-3441.6252,500,2218.597878
-3855.7405,500,2218.597878
-3708.6077,500,2224.167363
-2620.6833,500,2224.167363
-4697.231,500,2224.167363
-1871.388,500,2226.660084
-1663.6556,500,2226.660084
-2166.9802,500,2226.660084
-1643.9086,500,2230.141661
-1345.359,500,2230.141661
-3206.4885,500,2230.141661
-991.89856,500,2231.383667
-564.6352,500,2231.383667
-925.76306,500,2231.383667
-2542.5447,500,2232.736075
-1795.6501,500,2232.736075
-1776.0813,500,2232.736075
-1353.0332,500,2235.223415
-1536.7922,500,2235.223415
-1965.8308,500,2235.223415
-2591.2678,500,2238.985696
-1686.2931,500,2238.985696
-2950.736,500,2238.985696
-1889.2162,500,2241.526982
-1447.0734,500,2241.526982
-2473.0889,500,2241.526982
-1203.5421,500,2243.987862
-1022.2901,500,2243.987862
-1488.3373,500,2243.987862
-632.5552,500,2245.157556
-420.87784,500,2245.157556
-643.6286,500,2245.157556
-1713.4707,500,2249.12779
-1803.9866,500,2249.12779
-3117.4668,500,2249.12879
-1919.8873,500,2251.623443
-6391.491,500,2251.623443
-3155.5276,500,2251.623443
-1046.82,500,2253.958339
-1404.2485,500,2253.958339
-2745.577,500,2253.958339
-747.3534,500,2255.207027
-1440.0632,500,2255.207027
-1591.9648,500,2255.207027
-1306.415,500,2258.847913
-1445.1027,500,2258.847913
-4292.0063,500,2258.847913
-2178.763,500,2262.717067
-2426.3186,500,2262.717067
-3445.4038,500,2262.717067
-525.2747,500,2263.950428
-2028.8727,500,2263.950428
-858.73193,500,2263.950428
-1938.5718,500,2266.523902
-2107.0278,500,2266.523902
-2981.6658,500,2266.523902
-1296.1029,500,2269.084941
-2420.7324,500,2269.084941
-3171.4666,500,2269.085942
-1087.6243,500,2270.562029
-653.99835,500,2270.562029
-2501.907,500,2270.562029
-1154.9524,500,2273.120292
-3638.229,500,2273.120292
-1770.003,500,2273.120292
-1746.1246,500,2276.626033
-3126.338,500,2276.626033
-3136.0073,500,2276.626033
-2480.562,500,2281.871911
-2225.0518,500,2281.871911
-3550.2556,500,2281.871911
-2714.7356,500,2287.480475
-4146.166,500,2287.480475
-5149.402,500,2287.480475
-1689.7794,500,2290.997337
-2615.3074,500,2290.997337
-2634.0203,500,2290.997337
-2884.6545,500,2297.019023
-2806.6357,500,2297.019023
-4426.476,500,2297.019023
-2345.7937,500,2302.019351
-1892.881,500,2302.019351
-3935.8174,500,2302.019351
-3363.743,500,2308.566811
-3006.1108,500,2308.566811
-5785.891,500,2308.566811
-1258.3743,500,2312.006579
-1618.6262,500,2312.006579
-2769.2815,500,2312.006579
-1135.1199,500,2314.432471
-846.40106,500,2314.432471
-2489.0745,500,2314.432471
-3987.8123,500,2320.54821
-2408.723,500,2320.54821
-4170.5044,500,2320.54821
-1419.7933,500,2323.214686
-1423.1265,500,2323.214686
-2099.9246,500,2323.214686
-1352.9484,500,2325.102744
-1281.2035,500,2325.102744
-1480.8287,500,2325.102744
-1945.2587,500,2328.26718
-1571.2076,500,2328.26718
-2700.5117,500,2328.26718
-4055.8586,500,2333.721815
-2647.9558,500,2333.721815
-5147.824,500,2333.721815
-1630.9922,500,2336.297875
-1580.9584,500,2336.298875
-1560.7452,500,2336.298875
-2743.2517,500,2339.853687
-1650.3446,500,2339.853687
-2449.7847,500,2339.853687
-2237.5298,500,2341.041164
-1436.8534,500,2341.041164
-1628.8861,500,2341.041164
-1963.5631,500,2344.672133
-1721.9346,500,2344.673136
-5319.362,500,2344.673136
-1523.1394,500,2347.46032
-2105.8552,500,2347.46032
-2050.6543,500,2347.46032
-575.61615,500,2348.758356
-1379.3788,500,2348.758356
-1524.7637,500,2348.758356
-1880.8383,500,2352.182784
-1695.8488,500,2352.182784
-2384.0464,500,2352.182784
-1271.5958,500,2354.927516
-3700.0,500,2354.927516
-2946.1675,500,2354.927516
-2334.4236,500,2357.634151
-3004.0786,500,2357.634151
-2558.2583,500,2357.634151
-2025.073,500,2362.440614
-2442.9077,500,2362.440614
-3548.7395,500,2362.440614
-2541.3462,500,2365.950789
-1452.483,500,2365.950789
-3480.944,500,2365.950789
-1898.5522,500,2367.22876
-814.1598,500,2367.22876
-649.53687,500,2367.22876
-2006.3875,500,2370.004625
-1293.4491,500,2370.004625
-2670.9028,500,2370.004625
-3167.9055,500,2372.600844
-1808.1993,500,2372.600844
-1377.6768,500,2372.600844
-2663.6147,500,2378.932751
-2549.755,500,2378.932751
-4183.4365,500,2378.932751
-2704.2126,500,2385.134635
-2281.3843,500,2385.134635
-4072.8794,500,2385.134635
-3304.3748,500,2390.766643
-1738.1295,500,2390.766643
-6039.789,500,2390.766643
-1247.4861,500,2392.033451
-898.9333,500,2392.033451
-1197.7749,500,2392.033451
-2721.459,500,2397.290112
-2915.3926,500,2397.290112
-3990.729,500,2397.290112
-1957.8376,500,2400.732799
-1689.9637,500,2400.733799
-2926.727,500,2400.733799
-3639.591,500,2403.87866
-2280.9243,500,2403.87866
-3064.316,500,2403.87866
-2080.9924,500,2406.230417
-1083.3756,500,2406.230417
-1537.5195,500,2406.230417
-599.42163,500,2407.588141
-811.056,500,2407.588141
-1290.4358,500,2407.588141
-1273.473,500,2408.790062
-1241.3682,500,2408.790062
-1042.5148,500,2408.790062
-668.92865,500,2410.69483
-1425.4807,500,2410.69483
-2733.0728,500,2410.69483
-2596.8643,500,2415.79516
-1934.7416,500,2415.79516
-2824.8035,500,2415.79516
-2317.902,500,2422.21461
-2360.9102,500,2422.21461
-4258.9316,500,2422.21461
-3654.042,500,2428.474313
-3890.109,500,2428.474313
-5566.476,500,2428.474313
-2840.692,500,2434.507333
-3009.908,500,2434.507333
-4581.2676,500,2434.507333
-2252.0186,500,2439.863761
-1924.4867,500,2439.863761
-3607.198,500,2439.863761
-1356.7932,500,2442.353544
-1155.0186,500,2442.353544
-3014.7068,500,2442.353544
-572.4175,500,2443.541171
-927.37396,500,2443.541171
-573.97943,500,2443.541171
-1610.808,500,2444.706185
-1496.6045,500,2444.706185
-1190.3125,500,2444.706185
-1093.8519,500,2446.298051
-501.07837,500,2446.298051
-780.6849,500,2446.298051
-1216.8754,500,2448.827761
-1453.8037,500,2448.827761
-1796.5736,500,2448.827761
-2727.086,500,2452.19622
-2112.4343,500,2452.19622
-2113.3809,500,2452.19622
-1342.1802,500,2454.785917
-1473.4015,500,2454.785917
-2662.8516,500,2454.785917
-555.69257,500,2456.278891
-1377.7174,500,2456.278891
-1132.0153,500,2456.278891
-2300.1365,500,2459.780041
-2153.2969,500,2459.780041
-3445.9966,500,2459.780041
-1723.9468,500,2463.322373
-1764.1127,500,2463.322373
-2900.5847,500,2463.322373
-564.794,500,2464.517512
-461.5947,500,2464.517512
-980.6127,500,2464.517512
-3983.991,500,2470.443134
-2251.324,500,2470.443134
-4539.752,500,2470.443134
-1307.3083,500,2472.883111
-885.0777,500,2472.883111
-1623.2606,500,2472.883111
-2534.4695,500,2474.16377
-2254.458,500,2474.16377
-2341.7483,500,2474.16377
-1148.2958,500,2476.647603
-1790.3085,500,2476.647603
-1706.4131,500,2476.647603
-1133.8192,500,2479.440996
-940.0135,500,2479.440996
-2145.0583,500,2479.440996
-2570.3186,500,2484.573414
-1682.3087,500,2484.573414
-3380.6226,500,2484.573414
-2292.343,500,2489.95666
-2980.2322,500,2489.95666
-4517.3716,500,2489.95666
-1858.4608,500,2492.498242
-1038.9484,500,2492.498242
-1833.2295,500,2492.498242
-2665.6978,500,2498.875301
-2527.8398,500,2498.875301
-4893.203,500,2498.875301
-1288.1852,500,2501.431192
-1371.9185,500,2501.431192
-1403.2299,500,2501.431192
-1770.3137,500,2504.803946
-1785.7203,500,2504.803946
-2769.729,500,2504.803946
-3355.9019,500,2508.317463
-2354.6956,500,2508.317463
-4025.7798,500,2508.317463
-3229.019,500,2512.203548
-2686.3809,500,2512.203548
-3573.3096,500,2512.203548
-1465.8367,500,2515.523545
-2821.1404,500,2515.523545
-3493.0935,500,2515.523545
-1729.1376,500,2516.826411
-1372.9669,500,2516.826411
-589.0121,500,2516.826411
-990.0017,500,2518.015103
-2275.7854,500,2518.015103
-1682.2539,500,2518.015103
-1903.556,500,2521.516471
-2035.7367,500,2521.516471
-2452.4338,500,2521.516471
-1750.8624,500,2522.755301
-2291.1274,500,2522.755301
-1767.9401,500,2522.755301
-2818.881,500,2525.515686
-1678.8999,500,2525.515686
-1850.8141,500,2525.515686
-2384.921,500,2530.909628
-2146.9617,500,2530.909628
-3711.681,500,2530.909628
-2869.3833,500,2533.678174
-1248.6252,500,2533.678174
-1490.5292,500,2533.678174
-1546.3031,500,2537.540648
-2194.417,500,2537.540648
-3229.2476,500,2537.540648
-1927.707,500,2540.77993
-914.79285,500,2540.77993
-1802.0453,500,2540.77993
-1428.297,500,2544.903636
-2229.1287,500,2544.903636
-3146.9211,500,2544.904634
-1578.1382,500,2548.284381
-2529.0662,500,2548.284381
-2675.0088,500,2548.284381
-1730.0887,500,2550.963241
-1874.4048,500,2550.964241
-3421.108,500,2550.964241
-1191.1854,500,2553.393081
-2034.5299,500,2553.393081
-1897.102,500,2553.393081
-3041.1,500,2556.686031
-1203.5912,500,2556.686031
-3528.6396,500,2556.686031
-1273.8693,500,2558.770446
-1650.6885,500,2558.770446
-1104.239,500,2558.770446
-2168.2285,500,2561.469775
-2110.4915,500,2561.469775
-3121.8887,500,2561.469775
-1003.968,500,2562.710812
-332.01224,500,2562.710812
-2188.8105,500,2562.710812
-1685.8126,500,2564.860777
-4384.1523,500,2564.860777
-2552.6804,500,2564.860777
-2811.6204,500,2566.28676
-722.243,500,2566.28676
-3276.6047,500,2566.28676
-2820.502,500,2569.189126
-1799.7852,500,2569.189126
-2849.8867,500,2569.189126
-3836.575,500,2575.074792
-1988.4534,500,2575.074792
-3431.8923,500,2575.074792
-1110.5399,500,2577.534739
-885.1532,500,2577.534739
-1869.5796,500,2577.534739
-1500.352,500,2580.059002
-1683.5094,500,2580.059002
-2221.1116,500,2580.059002
-629.6021,500,2581.589606
-2119.1577,500,2581.589606
-2225.0547,500,2581.589606
-1771.7384,500,2583.982462
-1216.576,500,2583.982462
-1955.5989,500,2583.982462
-2754.8499,500,2589.240441
-2480.856,500,2589.240441
-4991.963,500,2589.240441
-1424.0326,500,2591.851176
-1636.9539,500,2591.851176
-1435.7596,500,2591.851176
-1252.8823,500,2594.523171
-1211.4249,500,2594.523171
-1364.6748,500,2594.523171
-1647.5781,500,2598.140403
-1482.6556,500,2598.140403
-2219.3586,500,2598.140403
-725.13965,500,2599.383328
-1565.1792,500,2599.383328
-1610.9595,500,2599.383328
-2047.1074,500,2604.539665
-3056.6333,500,2604.539665
-3152.8994,500,2604.539665
-2444.5225,500,2608.212231
-1962.527,500,2608.212231
-2669.712,500,2608.212231
-1432.4269,500,2609.49741
-682.23956,500,2609.49741
-1991.0824,500,2609.49741
-1735.5681,500,2613.316121
-2933.7866,500,2613.316121
-4017.4697,500,2613.316121
-1570.5385,500,2616.074594
-2599.2742,500,2616.074594
-2993.8142,500,2616.074594
-563.2579,500,2617.577747
-1674.6343,500,2617.577747
-635.07404,500,2617.577747
-2659.144,500,2621.194737
-1772.3549,500,2621.194737
-2478.522,500,2621.194737
-1764.6807,500,2623.816268
-2754.925,500,2623.816268
-2882.0742,500,2623.816268
-1752.1218,500,2627.046383
-2039.122,500,2627.046383
-1976.3442,500,2627.046383
-2408.1836,500,2630.742311
-1820.4882,500,2630.742311
-2801.0337,500,2630.742311
-1865.2659,500,2633.286702
-1420.2483,500,2633.286702
-2640.6873,500,2633.286702
-1936.6454,500,2637.994971
-1509.9324,500,2637.994971
-3006.4963,500,2637.994971
-1904.0475,500,2643.261925
-1530.8037,500,2643.261925
-4312.029,500,2643.261925
-1681.8132,500,2647.147133
-1326.2966,500,2647.147133
-3058.134,500,2647.147133
-1190.9135,500,2649.741313
-1140.9005,500,2649.741313
-2992.3142,500,2649.741313
-1866.6614,500,2652.931482
-988.04004,500,2652.931482
-2561.8557,500,2652.931482
-1741.1957,500,2655.471076
-1990.3221,500,2655.471076
-1192.2947,500,2655.471076
-1269.037,500,2659.033152
-1597.5609,500,2659.033152
-3037.0344,500,2659.033152
-1912.7194,500,2661.533375
-2079.7583,500,2661.533375
-1649.2129,500,2661.533375
-2522.7368,500,2665.784708
-3288.3853,500,2665.784708
-3371.802,500,2665.784708
-2203.0862,500,2669.334963
-2138.0854,500,2669.334963
-3137.3481,500,2669.334963
-874.6377,500,2670.861923
-638.3475,500,2670.861923
-584.34503,500,2670.861923
-2849.807,500,2676.230419
-2411.051,500,2676.230419
-3969.3398,500,2676.230419
-1723.7699,500,2679.774347
-1682.9558,500,2679.774347
-2689.175,500,2679.774347
-1443.5936,500,2682.132584
-1130.7026,500,2682.132584
-1706.1172,500,2682.132584
-2087.5999,500,2687.399664
-2133.3022,500,2687.399664
-4333.252,500,2687.399664
-1067.2936,500,2690.211113
-866.9568,500,2690.211113
-1741.1405,500,2690.211113
-3300.558,500,2695.521413
-2201.7432,500,2695.521413
-3587.8896,500,2695.521413
-2233.3713,500,2698.137947
-2485.7068,500,2698.137947
-2101.4604,500,2698.137947
-1434.1675,500,2701.555748
-1179.9229,500,2701.555748
-1988.5355,500,2701.555748
-1396.1064,500,2703.657893
-469.81372,500,2703.657893
-1000.0526,500,2703.657893
-1504.8672,500,2706.104746
-1130.4532,500,2706.104746
-2229.5623,500,2706.104746
-2692.2195,500,2711.75396
-3932.525,500,2711.75396
-4709.64,500,2711.75396
-2155.785,500,2715.379625
-1930.0072,500,2715.379625
-3445.6772,500,2715.379625
-1918.3965,500,2719.350044
-1736.7975,500,2719.350044
-2127.85,500,2719.350044
-1351.9117,500,2721.964681
-759.5072,500,2721.964681
-1419.8193,500,2721.964681
-743.37274,500,2723.147675
-590.19617,500,2723.147675
-706.6443,500,2723.147675
-1567.4456,500,2725.608734
-2914.0786,500,2725.608734
-3047.9111,500,2725.608734
-2452.2217,500,2728.28148
-1130.8046,500,2728.28148
-2299.782,500,2728.28148
-1192.5372,500,2729.509883
-1325.6158,500,2729.509883
-3394.6345,500,2729.509883
-1118.1909,500,2730.79858
-857.1435,500,2730.79858
-631.3248,500,2730.79858
-1526.6824,500,2734.652407
-1798.7218,500,2734.652407
-3027.591,500,2734.652407
-1670.9487,500,2737.389565
-1299.8402,500,2737.389565
-1732.497,500,2737.390565
-2009.9028,500,2742.613986
-2812.2349,500,2742.613986
-4315.9897,500,2742.613986
-636.86053,500,2744.321793
-842.24164,500,2744.321793
-927.8084,500,2744.321793
-3838.7944,500,2749.480452
-4229.5977,500,2749.480452
-3888.3503,500,2749.480452
-1608.822,500,2753.701919
-2199.9563,500,2753.701919
-4205.7036,500,2753.701919
-1327.1096,500,2755.078125
-2473.858,500,2755.078125
-885.8478,500,2755.078125
-2771.696,500,2757.698428
-1205.9008,500,2757.698428
-1899.3002,500,2757.698428
-1044.3146,500,2759.519812
-1807.9297,500,2759.519812
-1654.3612,500,2759.519812
-1063.882,500,2761.106215
-822.2465,500,2761.106215
-1513.4117,500,2761.106215
-699.1826,500,2762.307905
-508.09564,500,2762.307905
-1336.6262,500,2762.307905
-2213.5862,500,2765.672821
-1759.629,500,2765.672821
-2710.702,500,2765.672821
-1874.6769,500,2769.086537
-1899.2296,500,2769.086537
-2706.8486,500,2769.086537
-1138.6393,500,2770.579428
-407.93457,500,2770.579428
-725.62115,500,2770.579428
-1523.7397,500,2771.828626
-670.1845,500,2771.828626
-1180.1688,500,2771.828626
-1750.8707,500,2774.219763
-1395.8792,500,2774.219763
-2247.1335,500,2774.219763
-2257.378,500,2775.551756
-361.42334,500,2775.551756
-2365.675,500,2775.551756
-2050.7974,500,2778.475517
-848.02045,500,2778.475517
-1509.9188,500,2778.475517
-1388.1185,500,2779.680803
-1178.6962,500,2779.680803
-1905.6757,500,2779.680803
-1797.9426,500,2783.447728
-1353.4547,500,2783.447728
-3039.5193,500,2783.447728
-4397.3984,500,2787.060626
-2128.2654,500,2787.060626
-3240.6482,500,2787.060626
-634.16437,500,2788.604898
-942.24963,500,2788.604898
-899.5403,500,2788.604898
-3038.476,500,2793.154568
-1774.6318,500,2793.154568
-3553.7268,500,2793.154568
-1651.6042,500,2794.421856
-1631.5675,500,2794.421856
-1673.5448,500,2794.421856
-655.2471,500,2795.669204
-476.14178,500,2795.669204
-1315.4165,500,2795.669204
-1682.9495,500,2798.532866
-2102.2593,500,2798.532866
-3459.2583,500,2798.532866
-1085.943,500,2800.964578
-2636.2734,500,2800.964578
-1980.7928,500,2800.964578
-3208.71,500,2804.492337
-2497.6643,500,2804.492337
-3579.0244,500,2804.492337
-1161.975,500,2805.757066
-431.0657,500,2805.757066
-1142.5771,500,2805.757066
-1695.6718,500,2808.27203
-998.09607,500,2808.27203
-2271.1047,500,2808.27203
-1063.4142,500,2809.853858
-2919.9192,500,2809.853858
-1573.8807,500,2809.853858
-1431.2809,500,2812.23006
-878.7116,500,2812.23006
-1507.2073,500,2812.23006
-624.3777,500,2813.908116
-806.36523,500,2813.908116
-2296.8596,500,2813.908116
-590.7289,500,2815.040656
-857.4804,500,2815.040656
-1041.9093,500,2815.040656
-2066.8445,500,2818.683007
-2889.3901,500,2818.683007
-4326.2935,500,2818.683007
-980.94055,500,2821.186373
-1822.5731,500,2821.187374
-1594.192,500,2821.187374
-1358.1143,500,2822.404512
-2091.2043,500,2822.404512
-1811.5962,500,2822.404512
-2844.025,500,2825.035155
-2376.208,500,2825.035155
-1880.2196,500,2825.035155
-2708.112,500,2830.113859
-2258.9265,500,2830.113859
-3646.6375,500,2830.113859
-2280.6587,500,2832.774563
-3101.9001,500,2832.774563
-1574.3777,500,2832.774563
-1822.3895,500,2836.236616
-1279.5591,500,2836.236616
-3300.6194,500,2836.236616
-1976.8004,500,2838.848965
-1227.8094,500,2838.848965
-2139.5645,500,2838.848965
-1314.4994,500,2841.38003
-718.54877,500,2841.38003
-1144.7035,500,2841.38003
-1390.3903,500,2844.106689
-1332.3772,500,2844.106689
-1943.3245,500,2844.106689
-540.13837,500,2845.317802
-4354.0435,500,2845.317802
-1197.0204,500,2845.317802
-1362.218,500,2847.864211
-924.4773,500,2847.864211
-2169.975,500,2847.864211
-1329.6718,500,2849.500503
-688.32404,500,2849.500503
-2059.1758,500,2849.500503
-2108.638,500,2853.762376
-3261.1492,500,2853.762376
-3654.565,500,2853.762376
-2011.5332,500,2857.810277
-1653.4458,500,2857.810277
-4854.572,500,2857.810277
-1888.5374,500,2862.936099
-1621.8851,500,2862.936099
-3464.7031,500,2862.936099
-1236.4137,500,2865.865771
-1514.3168,500,2865.865771
-1560.9156,500,2865.865771
-1930.3497,500,2869.24111
-2647.3547,500,2869.24111
-2901.4897,500,2869.24111
-1932.9426,500,2871.726583
-895.5354,500,2871.727584
-1759.4893,500,2871.727584
-2484.8313,500,2875.386878
-2169.2893,500,2875.386878
-3041.685,500,2875.386878
-1854.3932,500,2879.041154
-1914.4617,500,2879.041154
-3144.2065,500,2879.041154
-1421.1536,500,2880.739627
-2975.4492,500,2880.739627
-1764.4761,500,2880.739627
-2148.0205,500,2884.505682
-1254.2067,500,2884.505682
-1941.089,500,2884.505682
-3284.4717,500,2890.820222
-2660.0798,500,2890.820222
-4289.7017,500,2890.820222
-1384.7992,500,2893.591299
-1161.0095,500,2893.591299
-2287.2817,500,2893.591299
-2385.2136,500,2897.32645
-1872.3628,500,2897.32645
-3241.3225,500,2897.32645
-1092.7449,500,2899.993633
-951.2815,500,2899.993633
-1880.6492,500,2899.993633
-2121.4038,500,2903.897629
-1308.2504,500,2903.897629
-2333.2314,500,2903.897629
-2082.9512,500,2909.371098
-3663.469,500,2909.371098
-2903.1096,500,2909.371098
-1059.0233,500,2910.504713
-978.56195,500,2910.504713
-1185.5155,500,2910.504713
-3234.8093,500,2916.511228
-3625.368,500,2916.511228
-3740.5576,500,2916.511228
-2892.9067,500,2922.687534
-2504.593,500,2922.687534
-4421.549,500,2922.687534
-2994.7568,500,2929.322454
-2120.09,500,2929.322454
-3731.1619,500,2929.322454
-1945.9966,500,2932.717121
-1167.6353,500,2932.717121
-1871.2,500,2932.717121
-1498.6448,500,2936.154735
-1438.8628,500,2936.154735
-2812.014,500,2936.154735
-1793.7487,500,2938.832122
-1132.4724,500,2938.832122
-1457.1572,500,2938.832122
-2188.6965,500,2942.182634
-3037.3904,500,2942.182634
-2587.656,500,2942.182634
-1346.1516,500,2943.71967
-613.12823,500,2943.71967
-1928.0703,500,2943.71967
-1077.3356,500,2946.208116
-862.2214,500,2946.208116
-1294.1366,500,2946.208116
-2441.4114,500,2949.684057
-1178.8098,500,2949.684057
-2900.4946,500,2949.684057
-917.5842,500,2952.138307
-1027.7963,500,2952.138307
-1500.951,500,2952.138307
-450.78964,500,2953.663905
-1297.803,500,2953.663905
-1349.8264,500,2953.663905
-1698.5586,500,2954.948542
-887.6237,500,2954.948542
-1639.9403,500,2954.948542
-1384.1837,500,2956.089146
-737.7064,500,2956.089146
-1103.151,500,2956.089146
-1598.2944,500,2957.373598
-1702.0096,500,2957.373598
-2258.036,500,2957.373598
-3143.0447,500,2960.971555
-1265.5095,500,2960.971555
-2133.0369,500,2960.971555
-1533.4243,500,2963.480133
-2024.6112,500,2963.480133
-2837.5388,500,2963.480133
-1708.7454,500,2967.050731
-1105.1686,500,2967.050731
-3296.124,500,2967.050731
-1581.6559,500,2970.686628
-1329.0885,500,2970.686628
-2228.4558,500,2970.686628
-3033.488,500,2976.080378
-2225.368,500,2976.081377
-3174.7432,500,2976.081377
-2425.713,500,2979.805686
-2355.1794,500,2979.805686
-2487.7102,500,2979.805686
-2844.8018,500,2984.342618
-1840.0919,500,2984.342618
-3894.9854,500,2984.342618
-3050.1626,500,2987.756202
-2057.9805,500,2987.756202
-3984.5974,500,2987.756202
-1526.7283,500,2991.264771
-1209.9736,500,2991.264771
-3243.9905,500,2991.264771
-1221.4464,500,2993.632865
-1257.1776,500,2993.632865
-1921.4113,500,2993.632865
-2522.9797,500,2998.088305
-2780.961,500,2998.088305
-3589.2766,500,2998.088305
-1154.0126,500,2999.328226
-1398.7563,500,2999.328226
-923.4138,500,2999.328226
-498.83304,500,3000.9038
-731.5527,500,3000.9038
-1380.5251,500,3000.9038
-516.1461,500,3002.093128
-484.6608,500,3002.093128
-869.9028,500,3002.093128
-2957.6443,500,3004.740519
-1324.2476,500,3004.740519
-2448.5754,500,3004.740519
-825.008,500,3005.997966
-1673.1952,500,3005.997966
-1092.0094,500,3005.997966
-1060.3202,500,3007.500152
-1109.5864,500,3007.500152
-1592.3881,500,3007.500152
-1734.1805,500,3010.798395
-2378.194,500,3010.798395
-4293.158,500,3010.798395
-2121.9673,500,3014.865309
-1438.0875,500,3014.865309
-2475.0422,500,3014.865309
-2422.3906,500,3019.985022
-3354.5022,500,3019.985022
-2706.331,500,3019.985022
-4225.0493,500,3026.279546
-2268.8896,500,3026.280545
-5444.6313,500,3026.280545
-2539.3276,500,3031.25437
-3076.777,500,3031.25437
-3236.1902,500,3031.25437
-2777.8806,500,3033.772885
-3219.927,500,3033.772885
-4015.86,500,3033.772885
-2668.7283,500,3038.852697
-2445.808,500,3038.852697
-4164.3945,500,3038.852697
-2145.9404,500,3043.893647
-1434.3331,500,3043.893647
-2910.291,500,3043.893647
-2387.8176,500,3047.134751
-1966.8121,500,3047.135751
-2253.1006,500,3047.135751
-639.9885,500,3048.318238
-701.659,500,3048.318238
-1506.9916,500,3048.318238
-2241.2732,500,3054.551374
-2532.701,500,3054.551374
-4435.904,500,3054.551374
-1993.8591,500,3057.496404
-1336.3328,500,3057.496404
-1934.6104,500,3057.496404
-635.62994,500,3058.834671
-1698.8833,500,3058.834671
-1253.8333,500,3058.834671
-2097.0928,500,3062.525926
-1654.1555,500,3062.525926
-4299.8667,500,3062.525926
-2040.4232,500,3064.564896
-2415.5073,500,3064.564896
-1102.0823,500,3064.564896
-2504.5034,500,3068.356059
-1171.462,500,3068.356059
-2694.8457,500,3068.356059
-3321.4287,500,3074.583163
-2179.1477,500,3074.583163
-4015.266,500,3074.583163
-2012.1633,500,3077.108601
-1659.9802,500,3077.108601
-4189.6147,500,3077.108601
-1545.3438,500,3079.573267
-2052.5996,500,3079.573267
-2158.6028,500,3079.573267
-1213.2123,500,3082.178944
-1436.7006,500,3082.178944
-2154.0771,500,3082.178944
-2892.546,500,3087.682531
-1962.2745,500,3087.682531
-4029.1787,500,3087.682531
-2537.6145,500,3091.206052
-2862.4717,500,3091.206052
-2959.2827,500,3091.206052
-1443.3256,500,3093.65751
-1595.6959,500,3093.65751
-2443.5396,500,3093.65751
-3563.5938,500,3098.654053
-2493.198,500,3098.654053
-4152.4336,500,3098.654053
-2171.2886,500,3102.36292
-2245.7183,500,3102.36292
-3992.7612,500,3102.36292
-2450.2803,500,3106.08862
-2684.715,500,3106.08862
-3692.0247,500,3106.08862
-1853.8047,500,3109.422304
-5361.428,500,3109.422304
-2436.749,500,3109.422304
-2654.6086,500,3111.739938
-1095.9236,500,3111.739938
-1740.0007,500,3111.739938
-1750.7175,500,3116.14781
-1860.0739,500,3116.14781
-2488.8132,500,3116.14781
-2109.216,500,3121.042379
-1561.2401,500,3121.042379
-2663.877,500,3121.042379
-811.34186,500,3122.215826
-736.1497,500,3122.215826
-1338.5447,500,3122.215826
-1043.2695,500,3123.474191
-1349.2322,500,3123.474191
-981.8523,500,3123.474191
-1915.4048,500,3127.025651
-1782.7555,500,3127.025651
-2978.6838,500,3127.025651
-746.39246,500,3128.371564
-982.54346,500,3128.371564
-725.08026,500,3128.371564
-1870.6702,500,3129.626347
-2248.7156,500,3129.626347
-2385.7334,500,3129.626347
-4144.4126,500,3135.774967
-2022.2559,500,3135.774967
-4062.2375,500,3135.774967
-2357.7007,500,3139.364052
-1278.5845,500,3139.364052
-1968.9143,500,3139.364052
-1969.9167,500,3143.667894
-2742.7388,500,3143.667894
-4301.784,500,3143.667894
-1435.6375,500,3144.920773
-462.66412,500,3144.920773
-1865.9764,500,3144.920773
-806.0273,500,3147.512066
-1342.1929,500,3147.512066
-2398.0935,500,3147.512066
-2121.5967,500,3150.380776
-949.98663,500,3150.380776
-2546.3823,500,3150.380776
-2159.1912,500,3155.668168
-1796.3713,500,3155.668168
-3202.0269,500,3155.668168
-1755.9983,500,3158.276228
-1816.2191,500,3158.276228
-1847.3362,500,3158.276228
-3464.6943,500,3159.456699
-985.3273,500,3159.456699
-580.7793,500,3159.456699
-3006.1724,500,3163.423088
-1609.1827,500,3163.423088
-3154.394,500,3163.423088
-1553.1726,500,3166.032871
-1670.1412,500,3166.032871
-2241.083,500,3166.032871
-4167.4307,500,3172.127594
-2002.8374,500,3172.128593
-4434.97,500,3172.128593
-2501.0674,500,3178.28126
-2296.4788,500,3178.28126
-5210.1616,500,3178.28126
-2177.6462,500,3183.770859
-3653.528,500,3183.770859
-5028.204,500,3183.770859
-2137.8975,500,3187.153839
-1807.5123,500,3187.153839
-2980.6472,500,3187.153839
-1740.06,500,3191.431035
-1499.1976,500,3191.431035
-3633.695,500,3191.431035
-2233.6494,500,3194.843385
-2150.8025,500,3194.843385
-3496.815,500,3194.843385
-2718.076,500,3198.519799
-1361.6503,500,3198.519799
-2104.855,500,3198.519799
-1177.4868,500,3199.723061
-337.1931,500,3199.723061
-1128.9368,500,3199.723061
-2966.4272,500,3205.041158
-3322.268,500,3205.041158
-4759.719,500,3205.041158
-1455.386,500,3208.382956
-1499.916,500,3208.382956
-2976.7507,500,3208.382956
-3176.5078,500,3212.198172
-1633.6285,500,3212.198172
-2649.032,500,3212.198172
-3442.1655,500,3218.007131
-2988.973,500,3218.007131
-4110.998,500,3218.007131
-2757.6438,500,3223.46869
-2294.4568,500,3223.46869
-4980.3135,500,3223.46869
-1883.2152,500,3226.97539
-1527.0942,500,3226.97539
-3381.0388,500,3226.97539
-3450.0188,500,3232.752266
-1698.8611,500,3232.752266
-4888.6323,500,3232.752266
-1249.32,500,3235.969402
-2394.5173,500,3235.969402
-2775.6008,500,3235.969402
-2060.4102,500,3239.013808
-934.35956,500,3239.013808
-2862.6362,500,3239.013808
-1863.5956,500,3241.844481
-1362.7909,500,3241.845483
-1911.3829,500,3241.845483
-3223.146,500,3247.800104
-2416.6184,500,3247.800104
-3959.5693,500,3247.800104
-1609.4297,500,3250.509269
-2381.2292,500,3250.509269
-3572.8354,500,3250.509269
-3248.5103,500,3256.498521
-1885.2095,500,3256.498521
-4613.6094,500,3256.498521
-2997.8936,500,3261.545362
-3174.8943,500,3261.545362
-3458.819,500,3261.545362
-1489.5983,500,3264.936193
-1374.004,500,3264.936193
-2357.864,500,3264.936193
-2756.6104,500,3268.60476
-1286.1677,500,3268.60476
-3188.8513,500,3268.60476
-1505.09,500,3270.887657
-875.90894,500,3270.887657
-2539.6843,500,3270.887657
-1690.6859,500,3274.278478
-1655.6749,500,3274.278478
-3017.253,500,3274.278478
-1652.4442,500,3276.81845
-1873.4877,500,3276.819451
-2052.021,500,3276.819451
-1906.6519,500,3279.946006
-1303.1526,500,3279.946006
-2785.9644,500,3279.946006
-1022.60187,500,3282.397856
-2180.653,500,3282.397856
-2581.5981,500,3282.397856
-2327.9983,500,3285.084876
-2611.7256,500,3285.084876
-3654.6614,500,3285.084876
-3004.366,500,3288.644108
-2190.4763,500,3288.644108
-2783.674,500,3288.644108
-1862.0197,500,3291.514973
-1306.4746,500,3291.514973
-2833.4617,500,3291.514973
-3276.865,500,3295.931422
-2039.439,500,3295.931422
-3356.258,500,3295.931422
-1291.3281,500,3298.552054
-954.8153,500,3298.552054
-2227.3552,500,3298.552054
-2609.975,500,3301.088136
-1747.2938,500,3301.088136
-2215.7837,500,3301.088136
-1702.5989,500,3304.77814
-2249.739,500,3304.77814
-2168.3823,500,3304.77814
-2742.654,500,3309.770082
-2419.912,500,3309.770082
-2886.344,500,3309.770082
-1377.3738,500,3311.095984
-576.6364,500,3311.095984
-1467.8668,500,3311.095984
-957.604,500,3313.505979
-1731.7047,500,3313.505979
-1899.8799,500,3313.505979
-3330.9543,500,3318.314177
-3628.8186,500,3318.314177
-3609.9998,500,3318.314177
-2854.4062,500,3321.026126
-2824.4783,500,3321.026126
-2573.8115,500,3321.026126
-1885.9844,500,3326.010986
-2671.0361,500,3326.010986
-3137.2341,500,3326.010986
-1479.0908,500,3329.53477
-2800.9333,500,3329.53477
-3119.0337,500,3329.53477
-2559.5828,500,3333.366357
-1800.5333,500,3333.366357
-2968.4658,500,3333.366357
-1569.6882,500,3337.037296
-1388.0751,500,3337.037296
-4002.711,500,3337.037296
-2275.8726,500,3339.887291
-1581.0261,500,3339.887291
-1837.1593,500,3339.887291
-649.61426,500,3341.238791
-499.67093,500,3341.238791
-1355.0676,500,3341.238791
-1970.6504,500,3347.753546
-2369.2078,500,3347.753546
-4338.876,500,3347.753546
-3063.1072,500,3350.341586
-1966.2007,500,3350.342586
-3139.8708,500,3350.342586
-1794.3594,500,3353.174981
-2151.3975,500,3353.174981
-2653.429,500,3353.174981
-1081.9929,500,3354.474686
-1062.698,500,3354.474686
-1402.0697,500,3354.474686
-1605.7607,500,3355.994377
-1014.01556,500,3355.994377
-633.90283,500,3355.994377
-1630.8541,500,3359.000657
-1890.4596,500,3359.000657
-2796.3496,500,3359.001658
-1841.8594,500,3363.643194
-1972.8173,500,3363.643194
-3633.2966,500,3363.643194
-1074.2856,500,3366.436274
-2144.1223,500,3366.436274
-2634.2236,500,3366.436274
-2456.4207,500,3367.776022
-370.1113,500,3367.776022
-740.9744,500,3367.776022
-1650.9426,500,3370.741167
-1773.3645,500,3370.741167
-2932.9902,500,3370.741167
-3384.4062,500,3377.103897
-2872.8662,500,3377.103897
-3855.547,500,3377.103897
-1451.3854,500,3380.563875
-995.1878,500,3380.563875
-2564.7395,500,3380.563875
-1804.2761,500,3383.195305
-1231.3273,500,3383.195305
-3259.9001,500,3383.195305
-2089.8972,500,3385.881017
-859.2022,500,3385.881017
-1346.6648,500,3385.881017
-1655.1677,500,3389.470225
-2147.1985,500,3389.470225
-2432.5225,500,3389.470225
-1621.4767,500,3393.168114
-2369.1057,500,3393.169115
-3026.1052,500,3393.169115
-2745.8838,500,3396.671389
-2382.6614,500,3396.671389
-3201.7644,500,3396.671389
-1649.046,500,3399.566586
-800.2781,500,3399.566586
-2852.7732,500,3399.566586
-1407.087,500,3402.26618
-2168.443,500,3402.26618
-3031.3423,500,3402.26618
-3163.1865,500,3405.660035
-4277.548,500,3405.660035
-2455.8877,500,3405.660035
-3482.9944,500,3411.719288
-2280.6536,500,3411.719288
-4748.223,500,3411.719288
-3041.4988,500,3415.306859
-1206.7146,500,3415.306859
-2315.512,500,3415.306859
-901.2016,500,3416.582624
-469.54462,500,3416.582624
-1624.3545,500,3416.582624
-3083.8933,500,3422.055678
-2660.0808,500,3422.055678
-3795.4084,500,3422.055678
-2120.894,500,3425.423842
-1589.7744,500,3425.423842
-2787.9001,500,3425.423842
-1406.8613,500,3428.423492
-770.26526,500,3428.423492
-2146.369,500,3428.423492
-1350.0332,500,3431.087962
-1249.4758,500,3431.087962
-3158.9338,500,3431.087962
-1653.1946,500,3433.599714
-970.5024,500,3433.599714
-1680.81,500,3433.599714
-1641.6993,500,3436.963856
-1255.8173,500,3436.963856
-3436.3228,500,3436.963856
-3433.7244,500,3443.341492
-2126.462,500,3443.341492
-4366.5903,500,3443.341492
-3243.947,500,3448.559895
-2662.6997,500,3448.559895
-2651.9238,500,3448.559895
-2708.0176,500,3452.007422
-2792.2266,500,3452.008424
-3351.2322,500,3452.008424
-749.5326,500,3454.467483
-1447.6431,500,3454.467483
-2248.9597,500,3454.467483
-2305.3147,500,3457.261269
-654.7106,500,3457.261269
-1888.2585,500,3457.261269
-2410.421,500,3463.093642
-2948.1777,500,3463.093642
-3511.1064,500,3463.093642
-3224.67,500,3467.315108
-1259.0004,500,3467.315108
-3328.1885,500,3467.315108
-2112.1052,500,3470.671243
-2815.1406,500,3470.671243
-2873.8325,500,3470.671243
-2607.4622,500,3473.374704
-1730.1968,500,3473.374704
-1925.1053,500,3473.374704
-1693.1035,500,3474.644799
-3046.1843,500,3474.644799
-1112.3706,500,3474.644799
-1624.4504,500,3477.005592
-1045.0635,500,3477.005592
-1228.9768,500,3477.005592
-2545.3706,500,3481.20754
-2998.8037,500,3481.20754
-2933.357,500,3481.20754
-1159.8527,500,3484.789245
-1212.3324,500,3484.789245
-2973.3462,500,3484.789245
-1737.6692,500,3486.001977
-337.2992,500,3486.001977
-829.30817,500,3486.001977
-1782.8666,500,3489.235784
-2576.0793,500,3489.235784
-3645.0437,500,3489.235784
-1172.0466,500,3490.896461
-1592.8141,500,3490.896461
-2297.582,500,3490.896461
-1784.6527,500,3494.429074
-3532.0728,500,3494.429074
-2177.4255,500,3494.429074
-1193.3574,500,3495.763729
-1370.2334,500,3495.763729
-1222.0714,500,3495.763729
-2202.2405,500,3499.394096
-2345.0002,500,3499.394096
-2988.297,500,3499.394096
-2317.9922,500,3501.921208
-777.5148,500,3501.921208
-2894.4795,500,3501.921208
-1869.2865,500,3506.011005
-2082.4746,500,3506.011005
-2263.0535,500,3506.011005
-1921.1395,500,3510.937107
-1785.4337,500,3510.937107
-3261.1047,500,3510.937107
-2362.1936,500,3513.392862
-1201.3933,500,3513.392862
-2582.853,500,3513.392862
-2937.0625,500,3517.083764
-4085.6646,500,3517.083764
-3702.556,500,3517.083764
-1737.2295,500,3519.714984
-930.35815,500,3519.714984
-1564.6804,500,3519.714984
-1658.3228,500,3521.23822
-894.6013,500,3521.23822
-1017.41,500,3521.23822
-1330.6779,500,3523.794099
-1363.7346,500,3523.794099
-2258.5654,500,3523.794099
-1742.8977,500,3527.358363
-1205.4829,500,3527.358363
-2212.7175,500,3527.358363
-1383.1194,500,3530.803241
-1525.2635,500,3530.803241
-2198.6392,500,3530.803241
-1511.9221,500,3534.43542
-1883.8928,500,3534.43542
-1899.4902,500,3534.43542
-2034.5431,500,3539.920763
-2455.2292,500,3539.920763
-3764.2615,500,3539.920763
-1671.4478,500,3542.505318
-2741.3572,500,3542.505318
-1775.0189,500,3542.505318
-2050.21,500,3543.575329
-1141.0348,500,3543.575329
-1936.5115,500,3543.575329
-1778.582,500,3546.216558
-910.4642,500,3546.216558
-2427.5945,500,3546.216558
-2443.2795,500,3549.557779
-2104.4597,500,3549.557779
-3070.3481,500,3549.557779
-2231.5442,500,3553.096628
-1936.6101,500,3553.096628
-2364.2668,500,3553.096628
-2010.0975,500,3556.785141
-1202.7881,500,3556.785141
-2197.0818,500,3556.785141
-911.96576,500,3558.61321
-545.98157,500,3558.61321
-798.6283,500,3558.61321
-1701.3916,500,3562.031273
-1941.8047,500,3562.031273
-2285.958,500,3562.031273
-493.92087,500,3563.213168
-490.65207,500,3563.213168
-3141.424,500,3563.213168
-1176.4706,500,3565.758168
-886.4938,500,3565.758168
-2016.5099,500,3565.758168
-2600.7307,500,3570.864982
-1806.6569,500,3570.864982
-3768.2383,500,3570.864982
-1072.5773,500,3573.412951
-1468.1035,500,3573.412951
-2982.8667,500,3573.412951
-1452.9512,500,3576.763042
-971.73926,500,3576.763042
-2121.621,500,3576.763042
-1472.7832,500,3580.208147
-1207.5691,500,3580.208147
-1987.8015,500,3580.208147
-2575.594,500,3582.968256
-1454.1866,500,3582.968256
-2643.8154,500,3582.968256
-1480.5421,500,3586.254165
-1542.9318,500,3586.254165
-2967.519,500,3586.254165
-3506.9497,500,3592.599869
-3697.981,500,3592.599869
-6167.8677,500,3592.599869
-1404.9733,500,3594.523486
-1049.7689,500,3594.523486
-2168.352,500,3594.523486
-2496.527,500,3599.286293
-1930.8121,500,3599.286293
-3045.8992,500,3599.286293
-1846.1815,500,3601.919387
-1907.1456,500,3601.919387
-1979.6971,500,3601.919387
-1490.178,500,3604.520857
-1651.7806,500,3604.520857
-2894.079,500,3604.520857
-2525.6294,500,3608.107888
-2618.8035,500,3608.107888
-2876.341,500,3608.107888
-507.2499,500,3609.609445
-1606.1587,500,3609.609445
-1328.6449,500,3609.609445
-2421.67,500,3614.972388
-3930.0557,500,3614.972388
-3692.9075,500,3614.972388
-3592.746,500,3620.180949
-4785.443,500,3620.180949
-5056.055,500,3620.180949
-1830.7495,500,3622.989327
-2759.266,500,3622.989327
-2690.316,500,3622.989327
-859.7624,500,3624.579654
-530.9919,500,3624.579654
-1281.2877,500,3624.579654
-1593.0386,500,3627.045346
-3745.5483,500,3627.045346
-2177.6978,500,3627.045346
-1213.5367,500,3629.533869
-1406.4799,500,3629.533869
-3461.066,500,3629.533869
-751.44336,500,3630.764833
-586.124,500,3630.764833
-1239.0205,500,3630.764833
-2442.4978,500,3636.435559
-3899.555,500,3636.436559
-4941.886,500,3636.436559
-1898.6515,500,3639.003237
-2407.0625,500,3639.003237
-1924.8839,500,3639.003237
-2324.3545,500,3641.529182
-2434.641,500,3641.529182
-2429.8708,500,3641.529182
-2762.7834,500,3647.900241
-3770.1208,500,3647.900241
-4473.957,500,3647.900241
-652.0684,500,3649.129768
-752.4755,500,3649.129768
-1160.6603,500,3649.129768
-470.64462,500,3650.679024
-1520.902,500,3650.679024
-1488.6758,500,3650.679024
-1843.4504,500,3654.196949
-1825.0452,500,3654.196949
-2818.133,500,3654.196949
-2103.8545,500,3655.471111
-397.71295,500,3655.471111
-949.05066,500,3655.471111
-1670.4498,500,3659.043126
-1643.913,500,3659.043126
-2279.9768,500,3659.043126
-1651.5521,500,3661.872371
-918.08,500,3661.873371
-2010.9148,500,3661.873371
-2017.8036,500,3667.173666
-1584.3348,500,3667.173666
-3100.164,500,3667.173666
-1699.3656,500,3671.279454
-2770.371,500,3671.279454
-3526.5935,500,3671.279454
-3619.7847,500,3676.486092
-2449.597,500,3676.487091
-4329.7754,500,3676.487091
-3024.4604,500,3682.180925
-2066.8042,500,3682.180925
-3659.109,500,3682.180925
-2255.2314,500,3684.978884
-4064.812,500,3684.978884
-2149.6116,500,3684.978884
-638.09265,500,3686.179147
-391.53537,500,3686.179147
-1461.6885,500,3686.179147
-1338.7222,500,3687.371792
-810.82697,500,3687.371792
-1555.8362,500,3687.371792
-675.8116,500,3688.893263
-550.37646,500,3688.893263
-1843.5765,500,3688.893263
-2328.0403,500,3692.41385
-1821.2208,500,3692.41385
-2070.1497,500,3692.41385
-1178.135,500,3693.800409
-1429.1559,500,3693.801407
-1067.2594,500,3693.801407
-1889.8269,500,3697.292877
-3457.3245,500,3697.292877
-3125.705,500,3697.292877
-1518.953,500,3700.04957
-2387.264,500,3700.04957
-2454.3633,500,3700.04957
-4103.205,500,3705.587794
-2070.5593,500,3705.587794
-4046.7898,500,3705.587794
-1944.7097,500,3709.047143
-1204.7063,500,3709.047143
-3087.3018,500,3709.047143
-767.0783,500,3710.294178
-982.1304,500,3710.294178
-527.392,500,3710.294178
-2030.8293,500,3715.750271
-2525.0352,500,3715.750271
-3246.2068,500,3715.750271
-1482.3435,500,3717.932239
-841.33905,500,3717.932239
-1203.978,500,3717.932239
-2724.0383,500,3724.017626
-2366.8462,500,3724.018626
-4045.2756,500,3724.018626
-1406.2383,500,3727.402087
-2088.7908,500,3727.402087
-2544.5083,500,3727.402087
-2715.2136,500,3731.070556
-1221.3315,500,3731.070556
-3815.8188,500,3731.070556
-1480.0059,500,3733.498328
-1157.4567,500,3733.498328
-2911.948,500,3733.498328
-1174.67,500,3735.929655
-1403.6721,500,3735.929655
-1415.1056,500,3735.929655
-788.66833,500,3737.19838
-462.66745,500,3737.19838
-2018.6779,500,3737.19838
-1122.5952,500,3739.951469
-1325.7996,500,3739.951469
-1919.6288,500,3739.951469
-1214.5892,500,3742.593522
-2210.2659,500,3742.593522
-2338.995,500,3742.593522
-1971.9185,500,3747.745064
-2322.9524,500,3747.745064
-3676.4753,500,3747.745064
-690.33234,500,3748.93034
-928.5409,500,3748.93034
-515.6437,500,3748.93034
-1662.256,500,3752.631453
-1353.9514,500,3752.632453
-2772.6135,500,3752.632453
-2815.8362,500,3756.016551
-2846.8718,500,3756.016551
-4872.88,500,3756.016551
-2301.5283,500,3759.599334
-1198.4371,500,3759.599334
-2321.4802,500,3759.599334
-3103.3135,500,3765.772254
-2268.0098,500,3765.772254
-3732.7852,500,3765.772254
-2441.2244,500,3771.530162
-2899.8223,500,3771.530162
-4172.9126,500,3771.530162
-1675.7926,500,3775.035301
-1305.1658,500,3775.035301
-2304.7405,500,3775.035301
-2796.5454,500,3777.627421
-1167.2948,500,3777.627421
-2422.0054,500,3777.627421
-1735.5546,500,3781.18127
-2122.9966,500,3781.18127
-2960.611,500,3781.18127
-1798.8423,500,3785.172028
-887.7463,500,3785.172028
-2755.0825,500,3785.172028
-2207.9382,500,3787.817604
-1842.5586,500,3787.817604
-2386.1113,500,3787.817604
-4892.882,500,3794.166299
-2116.9092,500,3794.166299
-5203.065,500,3794.166299
-3292.6758,500,3800.059601
-2608.5156,500,3800.059601
-3842.988,500,3800.059601
-1360.6893,500,3802.719911
-923.99774,500,3802.719911
-1707.8224,500,3802.719911
-2774.1562,500,3808.911331
-3071.3804,500,3808.911331
-4283.67,500,3808.911331
-1726.6743,500,3812.17951
-1031.4983,500,3812.17951
-2028.4064,500,3812.17951
-1796.9031,500,3815.596266
-3430.072,500,3815.596266
-3853.395,500,3815.596266
-1334.1017,500,3816.77749
-1298.479,500,3816.77749
-1187.1407,500,3816.77749
-866.03064,500,3818.33633
-667.1847,500,3818.33633
-1441.402,500,3818.33633
-2578.177,500,3821.84939
-1310.0103,500,3821.84939
-2876.9868,500,3821.84939
-2259.806,500,3824.040813
-768.58856,500,3824.040813
-2142.7363,500,3824.040813
-2728.9556,500,3826.862095
-2259.3193,500,3826.862095
-3023.1833,500,3826.862095
-497.09763,500,3828.3136
-768.5748,500,3828.3136
-627.7395,500,3828.3136
-2350.0576,500,3830.740615
-955.6859,500,3830.740615
-1647.445,500,3830.740615
-1906.2504,500,3831.922678
-1162.575,500,3831.922678
-2320.3433,500,3831.922678
-1594.2301,500,3835.770907
-2118.739,500,3835.770907
-2769.9373,500,3835.770907
-1305.473,500,3838.624581
-1374.8873,500,3838.624581
-1651.1842,500,3838.624581
-663.4551,500,3839.832089
-569.7736,500,3839.832089
-1574.6511,500,3839.832089
-564.30725,500,3841.110668
-972.29016,500,3841.110668
-1726.239,500,3841.110668
-1730.6696,500,3844.557652
-1791.7974,500,3844.557652
-2525.4387,500,3844.557652
-2879.2332,500,3850.863619
-3929.481,500,3850.864619
-6075.162,500,3850.864619
-2207.4204,500,3855.973099
-2011.8181,500,3855.973099
-3681.6494,500,3855.973099
-2867.8425,500,3862.03393
-2783.3584,500,3862.03393
-4112.8164,500,3862.03393
-1848.6907,500,3865.162557
-2014.0316,500,3865.162557
-3588.0205,500,3865.162557
-923.19775,500,3866.651287
-1222.5198,500,3866.651287
-912.9327,500,3866.651287
-2303.3743,500,3869.327487
-1317.3269,500,3869.328486
-3058.2588,500,3869.328486
-1239.9496,500,3870.60658
-4305.7866,500,3870.60658
-891.1068,500,3870.60658
-1577.2386,500,3873.165037
-1052.391,500,3873.165037
-1628.9221,500,3873.165037
-697.02875,500,3874.567786
-554.3435,500,3874.567786
-585.2617,500,3874.567786
-2081.5857,500,3875.785644
-1289.896,500,3875.785644
-1402.5538,500,3875.785644
-1855.1011,500,3880.625752
-2780.9565,500,3880.625752
-2694.6907,500,3880.625752
-2074.5361,500,3883.143554
-1303.1907,500,3883.143554
-1389.9084,500,3883.143554
-2045.943,500,3887.442206
-1505.2297,500,3887.442206
-3687.6592,500,3887.442206
-1929.1522,500,3890.100556
-2518.4958,500,3890.100556
-3008.761,500,3890.100556
-1508.7317,500,3893.175976
-2500.6296,500,3893.175976
-2208.901,500,3893.175976
-1199.4817,500,3894.438951
-617.4845,500,3894.438951
-609.0283,500,3894.438951
-1144.9543,500,3895.877205
-276.47388,500,3895.877205
-1151.2668,500,3895.877205
-1371.6022,500,3898.577714
-919.71094,500,3898.577714
-2801.24,500,3898.577714
-1959.1533,500,3901.120749
-937.543,500,3901.120749
-2586.5369,500,3901.120749
-1575.7435,500,3902.416367
-1952.0249,500,3902.416367
-1144.611,500,3902.416367
-2135.3381,500,3905.976543
-1615.344,500,3905.976543
-3888.7068,500,3905.976543
-1368.9078,500,3908.649803
-1394.1552,500,3908.649803
-1652.3265,500,3908.649803
-1108.7631,500,3910.91678
-1401.3865,500,3910.91678
-1820.0508,500,3910.91678
-2078.1948,500,3913.400426
-1234.7756,500,3913.400426
-1978.0878,500,3913.400426
-2306.3762,500,3916.061085
-3296.1472,500,3916.061085
-2978.9893,500,3916.061085
-2273.749,500,3918.95163
-1157.4218,500,3918.95163
-4144.89,500,3918.95163
-2143.4478,500,3921.243144
-1845.3269,500,3921.243144
-1913.2267,500,3921.243144
-1916.4703,500,3923.013244
-1944.6633,500,3923.013244
-2923.4822,500,3923.013244
-1977.4235,500,3927.109905
-1784.0947,500,3927.109905
-2769.5996,500,3927.109905
-2314.838,500,3928.710625
-671.0907,500,3928.710625
-1690.1489,500,3928.710625
-2436.3586,500,3931.085742
-2287.306,500,3931.085742
-4245.6772,500,3931.085742
-1360.126,500,3933.738363
-1227.1329,500,3933.738363
-2468.8193,500,3933.738363
-1738.2538,500,3937.152707
-2328.3457,500,3937.152707
-4209.506,500,3937.152707
-2674.2378,500,3939.837997
-1043.1556,500,3939.837997
-1864.335,500,3939.837997
-1787.6997,500,3943.168154
-2314.5032,500,3943.168154
-3257.6482,500,3943.168154
-1479.1605,500,3946.605668
-1929.3911,500,3946.605668
-2250.0166,500,3946.605668
-1378.7516,500,3948.986841
-855.63934,500,3948.986841
-1358.165,500,3948.986841
-1071.1294,500,3951.539038
-736.65497,500,3951.54004
-2373.7727,500,3951.54004
-2226.0127,500,3956.856072
-1839.8201,500,3956.856072
-4812.1772,500,3956.856072
-1604.7628,500,3959.258899
-1277.2633,500,3959.258899
-2324.4814,500,3959.258899
-1648.3555,500,3960.461459
-1831.8927,500,3960.461459
-890.45087,500,3960.461459
-921.8488,500,3962.820743
-2606.629,500,3962.820743
-3367.7996,500,3962.820743
-1722.2428,500,3964.103682
-1391.5431,500,3964.103682
-811.8732,500,3964.103682
-1207.4542,500,3965.440651
-2170.946,500,3965.440651
-1493.0359,500,3965.440651
-1210.1436,500,3969.01722
-2515.0522,500,3969.01722
-2450.4478,500,3969.01722
-2737.9905,500,3974.42906
-4263.0415,500,3974.42906
-2986.5845,500,3974.42906
-2084.2463,500,3976.507411
-1524.8912,500,3976.507411
-1739.388,500,3976.507411
-2470.5154,500,3980.005956
-1977.3561,500,3980.005956
-3538.526,500,3980.005956
-2709.485,500,3983.830145
-2436.4358,500,3983.830145
-2827.2556,500,3983.830145
-670.19366,500,3985.3724
-1657.3203,500,3985.3724
-1479.5211,500,3985.3724
-1553.8842,500,3988.765068
-1431.3478,500,3988.765068
-2594.3647,500,3988.765068
-867.48987,500,3990.03551
-1595.2064,500,3990.03551
-1590.8091,500,3990.03551
-2046.6969,500,3991.236533
-2000.4989,500,3991.236533
-1133.2598,500,3991.236533
-671.64,500,3992.752995
-445.40936,500,3992.752995
-1584.251,500,3992.752995
-2715.6323,500,3996.228082
-1754.062,500,3996.228082
-1861.0742,500,3996.228082
-1962.4011,500,3999.824116
-1575.156,500,3999.824116
-2095.2131,500,3999.824116
-1720.2721,500,4002.420799
-1366.3027,500,4002.420799
-2301.2004,500,4002.420799
-1064.5879,500,4005.169057
-1030.2183,500,4005.169057
-2484.546,500,4005.169057
-1645.544,500,4008.565964
-986.7737,500,4008.565964
-1755.0579,500,4008.565964
-1995.9523,500,4009.883197
-1316.8093,500,4009.883197
-1154.4685,500,4009.883197
-3297.3035,500,4015.173931
-2026.301,500,4015.173931
-4405.303,500,4015.173931
-2313.3997,500,4020.611963
-2855.8103,500,4020.611963
-3321.4543,500,4020.611963
-2916.0212,500,4025.754513
-2694.8833,500,4025.754513
-3037.81,500,4025.754513
-1699.0448,500,4027.0213
-2558.9368,500,4027.0213
-2339.5981,500,4027.0213
-2968.669,500,4032.954829
-4667.835,500,4032.954829
-5045.565,500,4032.954829
-1312.4653,500,4034.763133
-1811.3644,500,4034.763133
-2060.4211,500,4034.763133
-3295.6575,500,4041.088842
-2438.1672,500,4041.088842
-5627.7256,500,4041.088842
-1859.785,500,4046.146878
-1834.4248,500,4046.146878
-2853.5222,500,4046.146878
-3827.8801,500,4052.648542
-2163.9856,500,4052.648542
-3816.549,500,4052.648542
-2861.966,500,4056.183115
-1464.7618,500,4056.183115
-1991.3038,500,4056.183115
-1727.0978,500,4059.659287
-2265.065,500,4059.659287
-3039.7183,500,4059.659287
-1600.9808,500,4062.174375
-1304.451,500,4062.174375
-2122.5115,500,4062.174375
-513.1018,500,4063.379796
-577.02423,500,4063.379796
-1349.5562,500,4063.379796
-2207.1125,500,4065.982688
-801.1575,500,4065.982688
-1521.8492,500,4065.982688
-2946.3223,500,4070.463526
-3196.7522,500,4070.463526
-2220.3801,500,4070.463526
-1190.5795,500,4072.96618
-1082.2172,500,4072.96618
-1575.0145,500,4072.96618
-1464.2864,500,4076.273649
-1231.8518,500,4076.273649
-2170.4583,500,4076.273649
-2289.737,500,4078.843683
-1008.4947,500,4078.843683
-1438.7781,500,4078.843683
-2298.3518,500,4083.586892
-1728.2936,500,4083.586892
-3664.0857,500,4083.586892
-853.35284,500,4084.808159
-2137.383,500,4084.808159
-923.7705,500,4084.808159
-931.9945,500,4086.038489
-1299.4203,500,4086.038489
-540.7763,500,4086.038489
-2417.4568,500,4089.49956
-2024.1381,500,4089.49956
-2688.8892,500,4089.49956
-2329.244,500,4095.011397
-2779.8955,500,4095.011397
-3204.9678,500,4095.011397
-1309.4564,500,4097.458856
-1504.8721,500,4097.458856
-2247.368,500,4097.458856
-1484.8881,500,4099.959396
-1562.6006,500,4099.959396
-1859.289,500,4099.959396
-2771.0735,500,4103.50376
-1506.4739,500,4103.50376
-3548.5566,500,4103.50376
-2319.587,500,4107.556156
-2832.9565,500,4107.556156
-3510.8677,500,4107.556156
-1582.787,500,4110.152256
-838.75757,500,4110.152256
-2144.248,500,4110.152256
-839.9072,500,4111.640953
-1229.0435,500,4111.640953
-1681.3058,500,4111.640953
-1434.6472,500,4114.236953
-2093.4473,500,4114.236953
-1798.7559,500,4114.236953
-2636.8503,500,4119.405258
-2476.1304,500,4119.405258
-3407.852,500,4119.405258
-1775.1688,500,4121.880302
-2316.299,500,4121.880302
-3483.2183,500,4121.880302
-1824.3911,500,4125.239766
-1243.8375,500,4125.239766
-2227.486,500,4125.239766
-1254.8549,500,4127.756084
-1559.0488,500,4127.756084
-1797.0018,500,4127.756084
-2805.718,500,4131.918915
-1206.0024,500,4131.918915
-2999.1067,500,4131.918915
-1599.5449,500,4134.368266
-1546.9675,500,4134.368266
-2420.7126,500,4134.368266
-1511.0238,500,4136.075116
-992.0259,500,4136.075116
-923.67755,500,4136.075116
-2537.7153,500,4141.512567
-2492.4573,500,4141.512567
-3964.8113,500,4141.513568
-2837.6794,500,4147.721284
-3501.7158,500,4147.721284
-5025.1084,500,4147.721284
-2452.7727,500,4153.807945
-3391.2808,500,4153.807945
-4948.28,500,4153.807945
-3702.4773,500,4157.252415
-1674.0043,500,4157.252415
-3021.9705,500,4157.252415
-2200.835,500,4158.55039
-1671.1129,500,4158.55039
-3143.3552,500,4158.55039
-994.9787,500,4161.105668
-830.35547,500,4161.105668
-1991.4916,500,4161.105668
-2088.8738,500,4163.530763
-1198.3978,500,4163.530763
-1487.2191,500,4163.530763
-2860.9055,500,4167.17726
-1432.0359,500,4167.17726
-3056.525,500,4167.17726
-2538.2744,500,4172.701263
-1615.8173,500,4172.701263
-3595.1685,500,4172.701263
-1729.4968,500,4174.171073
-498.8524,500,4174.171073
-1391.4989,500,4174.171073
-2716.4688,500,4177.574939
-1971.855,500,4177.574939
-2937.8647,500,4177.574939
-2925.1152,500,4182.676587
-2201.435,500,4182.676587
-2723.4282,500,4182.676587
-2155.7686,500,4186.100333
-1935.637,500,4186.100333
-2314.6602,500,4186.100333
-1532.0677,500,4189.390045
-2380.4478,500,4189.390045
-1987.3187,500,4189.390045
-4044.3687,500,4193.83644
-4681.1074,500,4193.83644
-4437.7354,500,4193.83644
-1063.0651,500,4196.230922
-1320.4156,500,4196.230922
-2922.9583,500,4196.230922
-1839.1567,500,4197.493942
-2894.1108,500,4197.493942
-2275.4082,500,4197.493942
-3364.7722,500,4203.450988
-2460.2532,500,4203.450988
-4802.972,500,4203.450988
-1517.4075,500,4206.974725
-2052.4995,500,4206.974725
-2071.9912,500,4206.974725
-1439.2854,500,4209.557596
-2911.9292,500,4209.557596
-4518.5576,500,4209.557596
-1749.2836,500,4212.967589
-1568.5264,500,4212.967589
-4121.234,500,4212.967589
-2332.175,500,4216.527956
-2071.2068,500,4216.527956
-2502.5046,500,4216.527956
-2571.6865,500,4222.739884
-2480.6868,500,4222.739884
-3792.899,500,4222.739884
-1080.8439,500,4224.472218
-1214.8796,500,4224.472218
-1583.5016,500,4224.472218
-1405.4341,500,4227.114833
-2417.842,500,4227.114833
-2582.2922,500,4227.114833
-1448.5656,500,4230.564602
-2290.9246,500,4230.564602
-2905.9868,500,4230.564602
-2417.0781,500,4233.185634
-1820.4302,500,4233.185634
-3033.6782,500,4233.185634
-1622.4276,500,4236.703198
-1648.3357,500,4236.703198
-2601.2324,500,4236.703198
-2419.8228,500,4238.992615
-1071.8937,500,4238.992615
-2380.3547,500,4238.992615
-1363.5269,500,4241.4405
-3658.3662,500,4241.4405
-1426.3018,500,4241.4405
-3080.8628,500,4247.878297
-2734.9407,500,4247.878297
-3849.4023,500,4247.878297
-1303.1908,500,4248.989994
-1124.8308,500,4248.989994
-1113.6133,500,4248.989994
-927.1776,500,4251.12007
-2179.5269,500,4251.12007
-2055.1426,500,4251.12007
-1696.7483,500,4253.631526
-1598.3601,500,4253.631526
-2956.7327,500,4253.631526
-2499.1604,500,4257.241411
-2794.3298,500,4257.241411
-3951.3723,500,4257.241411
-4125.9463,500,4259.884047
-967.4498,500,4259.884047
-2099.5789,500,4259.884047
-2337.8806,500,4263.097898
-2228.5361,500,4263.097898
-2437.442,500,4263.097898
-1348.554,500,4265.500985
-1539.5154,500,4265.500985
-1556.3435,500,4265.500985
-637.2017,500,4266.899272
-2068.9937,500,4266.899272
-1453.7413,500,4266.899272
-1042.6061,500,4268.17113
-1025.3269,500,4268.17113
-644.63855,500,4268.17113
-2774.8481,500,4273.369746
-1788.0217,500,4273.369746
-3076.6396,500,4273.369746
-1538.6113,500,4276.678667
-1157.6324,500,4276.678667
-2018.8832,500,4276.678667
-823.74963,500,4278.17147
-636.3407,500,4278.17147
-999.80597,500,4278.17147
-3639.4927,500,4283.738363
-2453.4138,500,4283.738363
-4326.556,500,4283.738363
-1897.7666,500,4286.328371
-1482.1523,500,4286.328371
-1672.2783,500,4286.328371
-2100.264,500,4288.816767
-1717.3501,500,4288.816767
-2463.8801,500,4288.816767
-2407.7039,500,4292.4908
-1188.9524,500,4292.4908
-3194.1987,500,4292.4908
-1014.3624,500,4293.80495
-1816.6382,500,4293.80495
-2302.6543,500,4293.80495
-446.7241,500,4294.996845
-1135.202,500,4294.996845
-2703.9346,500,4294.996845
-1846.0527,500,4298.164258
-1675.8785,500,4298.164258
-1913.1936,500,4298.164258
-2866.5647,500,4303.726571
-2064.4456,500,4303.726571
-3630.7058,500,4303.726571
-1129.8992,500,4305.170605
-419.12314,500,4305.170605
-2530.723,500,4305.170605
-2421.8167,500,4311.077966
-2016.5049,500,4311.077966
-3915.6514,500,4311.077966
-1764.708,500,4313.622086
-2289.0774,500,4313.622086
-4031.881,500,4313.622086
-1530.3143,500,4316.049278
-2673.5234,500,4316.049278
-1621.8918,500,4316.049278
-2958.3643,500,4321.404196
-1897.9934,500,4321.404196
-3095.2178,500,4321.404196
-2880.0386,500,4326.775407
-1757.8685,500,4326.775909
-3580.2185,500,4326.775909
-3232.165,500,4332.689598
-3662.4863,500,4332.689598
-4216.2627,500,4332.689598
-3857.7397,500,4339.081614
-3413.8877,500,4339.081614
-4984.2534,500,4339.081614
-3144.978,500,4344.77246
-2583.389,500,4344.77246
-4206.598,500,4344.77246
-1665.6501,500,4347.907899
-2048.0435,500,4347.907899
-3209.9846,500,4347.907899
-1478.4073,500,4350.385489
-1384.1573,500,4350.385489
-1959.2844,500,4350.385489
-2069.7388,500,4353.668979
-1732.7018,500,4353.668979
-2315.278,500,4353.668979
-1051.2295,500,4355.527319
-1019.7936,500,4355.527319
-974.70544,500,4355.527319
-1508.3787,500,4357.985654
-2970.8457,500,4357.985654
-1449.462,500,4357.985654
-2055.0493,500,4359.203769
-750.46655,500,4359.203769
-1110.4369,500,4359.203769
-2917.8975,500,4365.241012
-2788.5217,500,4365.241012
-5087.3345,500,4365.241012
